warning: unused import: `utoipa::ToSchema`
  --> src/api/auth.rs:21:5
   |
21 | use utoipa::ToSchema;
   |     ^^^^^^^^^^^^^^^^
   |
   = note: `#[warn(unused_imports)]` (part of `#[warn(unused)]`) on by default

warning: use of `async fn` in public traits is discouraged as auto trait bounds cannot be specified
  --> src/repositories/election.rs:29:5
   |
29 |     async fn find_by_id(&self, election_id: Uuid) -> ApiResult<Option<ElectionRecord>>;
   |     ^^^^^
   |
   = note: you can suppress this lint if you plan to use the trait only in your own code, or do not care about auto traits like `Send` on the `Future`
   = note: `#[warn(async_fn_in_trait)]` on by default
help: you can alternatively desugar to a normal `fn` that returns `impl Future` and add any desired bounds such as `Send`, but these cannot be relaxed without a breaking API change
   |
29 -     async fn find_by_id(&self, election_id: Uuid) -> ApiResult<Option<ElectionRecord>>;
29 +     fn find_by_id(&self, election_id: Uuid) -> impl std::future::Future<Output = ApiResult<Option<ElectionRecord>>> + Send;
   |

warning: use of `async fn` in public traits is discouraged as auto trait bounds cannot be specified
  --> src/repositories/election.rs:30:5
   |
30 |     async fn check_election_open(&self, election_id: Uuid) -> ApiResult<OpenElectionInfo>;
   |     ^^^^^
   |
   = note: you can suppress this lint if you plan to use the trait only in your own code, or do not care about auto traits like `Send` on the `Future`
help: you can alternatively desugar to a normal `fn` that returns `impl Future` and add any desired bounds such as `Send`, but these cannot be relaxed without a breaking API change
   |
30 -     async fn check_election_open(&self, election_id: Uuid) -> ApiResult<OpenElectionInfo>;
30 +     fn check_election_open(&self, election_id: Uuid) -> impl std::future::Future<Output = ApiResult<OpenElectionInfo>> + Send;
   |

warning: `solesigner` (lib) generated 3 warnings
warning: unused import: `tracing::Level`
  --> src/main.rs:11:5
   |
11 | use tracing::Level;
   |     ^^^^^^^^^^^^^^
   |
   = note: `#[warn(unused_imports)]` (part of `#[warn(unused)]`) on by default

warning: `solesigner` (bin "solesigner") generated 1 warning (run `cargo fix --bin "solesigner" -p solesigner` to apply 1 suggestion)
    Finished `dev` profile [unoptimized + debuginfo] target(s) in 0.78s
warning: the following packages contain code that will be rejected by a future version of Rust: sqlx-postgres v0.7.4
note: to see what the problems were, use the option `--future-incompat-report`, or run `cargo report future-incompatibilities --id 2`
     Running `target/debug/solesigner`
✅ Connected to Database
[2m2026-04-07T22:06:45.666849Z[0m [32m INFO[0m [2msqlx::postgres::notice[0m[2m:[0m relation "_sqlx_migrations" already exists, skipping
✅ Migrations Applied
✅ Scheduler Started
[2m2026-04-07T22:06:45.674409Z[0m [32m INFO[0m [2mtokio_cron_scheduler::job_scheduler[0m[2m:[0m Uninited
🚀 Server listening on 0.0.0.0:8080
[2m2026-04-07T22:06:45.674826Z[0m [32m INFO[0m [2mtokio_cron_scheduler::job_scheduler[0m[2m:[0m Job creator created
[2m2026-04-07T22:06:50.016926Z[0m [32m INFO[0m [1mrequest[0m[1m{[0m[3mrequest_id[0m[2m=[0m6fcbae94-09d9-44b0-9b34-dd9d08a3e273 [3mmethod[0m[2m=[0mPOST [3muri[0m[2m=[0m/auth/register [3mversion[0m[2m=[0mHTTP/1.1[1m}[0m[2m:[0m [2mtower_http::trace::on_request[0m[2m:[0m started processing request
[2m2026-04-07T22:06:50.529144Z[0m [32m INFO[0m [1mrequest[0m[1m{[0m[3mrequest_id[0m[2m=[0m6fcbae94-09d9-44b0-9b34-dd9d08a3e273 [3mmethod[0m[2m=[0mPOST [3muri[0m[2m=[0m/auth/register [3mversion[0m[2m=[0mHTTP/1.1[1m}[0m[2m:[0m [2mtower_http::trace::on_response[0m[2m:[0m finished processing request [3mlatency[0m[2m=[0m512 ms [3mstatus[0m[2m=[0m201
[2m2026-04-07T22:06:50.530725Z[0m [32m INFO[0m [1mrequest[0m[1m{[0m[3mrequest_id[0m[2m=[0m9fa74887-32b8-4833-9d79-41883d930968 [3mmethod[0m[2m=[0mPOST [3muri[0m[2m=[0m/auth/login [3mversion[0m[2m=[0mHTTP/1.1[1m}[0m[2m:[0m [2mtower_http::trace::on_request[0m[2m:[0m started processing request
[2m2026-04-07T22:06:51.015660Z[0m [32m INFO[0m [1mrequest[0m[1m{[0m[3mrequest_id[0m[2m=[0m9fa74887-32b8-4833-9d79-41883d930968 [3mmethod[0m[2m=[0mPOST [3muri[0m[2m=[0m/auth/login [3mversion[0m[2m=[0mHTTP/1.1[1m}[0m[2m:[0m [2mtower_http::trace::on_response[0m[2m:[0m finished processing request [3mlatency[0m[2m=[0m485 ms [3mstatus[0m[2m=[0m200
[2m2026-04-07T22:06:51.017635Z[0m [32m INFO[0m [1mrequest[0m[1m{[0m[3mrequest_id[0m[2m=[0m6473f8be-f022-424f-ae38-bec0b39c62bc [3mmethod[0m[2m=[0mPOST [3muri[0m[2m=[0m/elections/create [3mversion[0m[2m=[0mHTTP/1.1[1m}[0m[2m:[0m [2mtower_http::trace::on_request[0m[2m:[0m started processing request
[2m2026-04-07T22:06:51.033929Z[0m [32m INFO[0m [1mrequest[0m[1m{[0m[3mrequest_id[0m[2m=[0m6473f8be-f022-424f-ae38-bec0b39c62bc [3mmethod[0m[2m=[0mPOST [3muri[0m[2m=[0m/elections/create [3mversion[0m[2m=[0mHTTP/1.1[1m}[0m[2m:[0m [2msolesigner::api::elections[0m[2m:[0m ADMIN_ACTION: Election created [3melection_id[0m[2m=[0md43416db-8a11-4e57-bc00-5f160b887843 [3madmin_id[0m[2m=[0m9d03dd4d-12ba-4ed2-82cb-42ea835b970b [3mtitle[0m[2m=[0mStress Test Election e26df5bb-dbd5-4a97-a1d6-a1f8851af081
[2m2026-04-07T22:06:51.034133Z[0m [32m INFO[0m [1mrequest[0m[1m{[0m[3mrequest_id[0m[2m=[0m6473f8be-f022-424f-ae38-bec0b39c62bc [3mmethod[0m[2m=[0mPOST [3muri[0m[2m=[0m/elections/create [3mversion[0m[2m=[0mHTTP/1.1[1m}[0m[2m:[0m [2mtower_http::trace::on_response[0m[2m:[0m finished processing request [3mlatency[0m[2m=[0m16 ms [3mstatus[0m[2m=[0m201
[2m2026-04-07T22:06:51.035512Z[0m [32m INFO[0m [1mrequest[0m[1m{[0m[3mrequest_id[0m[2m=[0m4a105147-708d-4ca1-ac3c-b89447fa9ba3 [3mmethod[0m[2m=[0mPOST [3muri[0m[2m=[0m/elections/d43416db-8a11-4e57-bc00-5f160b887843/start [3mversion[0m[2m=[0mHTTP/1.1[1m}[0m[2m:[0m [2mtower_http::trace::on_request[0m[2m:[0m started processing request
[2m2026-04-07T22:06:51.039753Z[0m [32m INFO[0m [1mrequest[0m[1m{[0m[3mrequest_id[0m[2m=[0m4a105147-708d-4ca1-ac3c-b89447fa9ba3 [3mmethod[0m[2m=[0mPOST [3muri[0m[2m=[0m/elections/d43416db-8a11-4e57-bc00-5f160b887843/start [3mversion[0m[2m=[0mHTTP/1.1[1m}[0m[2m:[0m [2msolesigner::api::elections[0m[2m:[0m ADMIN_ACTION: Election started (status OPEN) [3melection_id[0m[2m=[0md43416db-8a11-4e57-bc00-5f160b887843 [3madmin_id[0m[2m=[0m9d03dd4d-12ba-4ed2-82cb-42ea835b970b
[2m2026-04-07T22:06:51.039955Z[0m [32m INFO[0m [1mrequest[0m[1m{[0m[3mrequest_id[0m[2m=[0m4a105147-708d-4ca1-ac3c-b89447fa9ba3 [3mmethod[0m[2m=[0mPOST [3muri[0m[2m=[0m/elections/d43416db-8a11-4e57-bc00-5f160b887843/start [3mversion[0m[2m=[0mHTTP/1.1[1m}[0m[2m:[0m [2mtower_http::trace::on_response[0m[2m:[0m finished processing request [3mlatency[0m[2m=[0m4 ms [3mstatus[0m[2m=[0m200
[2m2026-04-07T22:06:51.042344Z[0m [32m INFO[0m [1mrequest[0m[1m{[0m[3mrequest_id[0m[2m=[0m8211d813-400e-45fc-bde9-83274709dfb0 [3mmethod[0m[2m=[0mPOST [3muri[0m[2m=[0m/vote/validate-identity [3mversion[0m[2m=[0mHTTP/1.1[1m}[0m[2m:[0m [2mtower_http::trace::on_request[0m[2m:[0m started processing request
[2m2026-04-07T22:06:51.045178Z[0m [32m INFO[0m [1mrequest[0m[1m{[0m[3mrequest_id[0m[2m=[0m8211d813-400e-45fc-bde9-83274709dfb0 [3mmethod[0m[2m=[0mPOST [3muri[0m[2m=[0m/vote/validate-identity [3mversion[0m[2m=[0mHTTP/1.1[1m}[0m[2m:[0m [2msolesigner::api::vote[0m[2m:[0m Identity validated, nullifier generated [3melection_id[0m[2m=[0md43416db-8a11-4e57-bc00-5f160b887843 [3mdocument_number_hash[0m[2m=[0m93ef249f2284424b0d61fc634aa3946cf86f9dd6a30bb81f1d37c3281fcb05cc
[2m2026-04-07T22:06:51.045807Z[0m [32m INFO[0m [1mrequest[0m[1m{[0m[3mrequest_id[0m[2m=[0m8211d813-400e-45fc-bde9-83274709dfb0 [3mmethod[0m[2m=[0mPOST [3muri[0m[2m=[0m/vote/validate-identity [3mversion[0m[2m=[0mHTTP/1.1[1m}[0m[2m:[0m [2mtower_http::trace::on_response[0m[2m:[0m finished processing request [3mlatency[0m[2m=[0m3 ms [3mstatus[0m[2m=[0m200
[2m2026-04-07T22:06:51.047569Z[0m [32m INFO[0m [1mrequest[0m[1m{[0m[3mrequest_id[0m[2m=[0mf90f84b1-8aba-4557-8398-7a25d3890beb [3mmethod[0m[2m=[0mPOST [3muri[0m[2m=[0m/vote/validate-identity [3mversion[0m[2m=[0mHTTP/1.1[1m}[0m[2m:[0m [2mtower_http::trace::on_request[0m[2m:[0m started processing request
[2m2026-04-07T22:06:51.049285Z[0m [32m INFO[0m [1mrequest[0m[1m{[0m[3mrequest_id[0m[2m=[0mf90f84b1-8aba-4557-8398-7a25d3890beb [3mmethod[0m[2m=[0mPOST [3muri[0m[2m=[0m/vote/validate-identity [3mversion[0m[2m=[0mHTTP/1.1[1m}[0m[2m:[0m [2msolesigner::api::vote[0m[2m:[0m Identity validated, nullifier generated [3melection_id[0m[2m=[0md43416db-8a11-4e57-bc00-5f160b887843 [3mdocument_number_hash[0m[2m=[0m67577d499e2f622b9942c7ccd4fe5802ea61424f882a866f3953310ae4df26d2
[2m2026-04-07T22:06:51.049884Z[0m [32m INFO[0m [1mrequest[0m[1m{[0m[3mrequest_id[0m[2m=[0mf90f84b1-8aba-4557-8398-7a25d3890beb [3mmethod[0m[2m=[0mPOST [3muri[0m[2m=[0m/vote/validate-identity [3mversion[0m[2m=[0mHTTP/1.1[1m}[0m[2m:[0m [2mtower_http::trace::on_response[0m[2m:[0m finished processing request [3mlatency[0m[2m=[0m2 ms [3mstatus[0m[2m=[0m200
[2m2026-04-07T22:06:51.051719Z[0m [32m INFO[0m [1mrequest[0m[1m{[0m[3mrequest_id[0m[2m=[0m54293b5d-c82f-416e-855b-75f4bea70217 [3mmethod[0m[2m=[0mPOST [3muri[0m[2m=[0m/vote/validate-identity [3mversion[0m[2m=[0mHTTP/1.1[1m}[0m[2m:[0m [2mtower_http::trace::on_request[0m[2m:[0m started processing request
[2m2026-04-07T22:06:51.053544Z[0m [32m INFO[0m [1mrequest[0m[1m{[0m[3mrequest_id[0m[2m=[0m54293b5d-c82f-416e-855b-75f4bea70217 [3mmethod[0m[2m=[0mPOST [3muri[0m[2m=[0m/vote/validate-identity [3mversion[0m[2m=[0mHTTP/1.1[1m}[0m[2m:[0m [2msolesigner::api::vote[0m[2m:[0m Identity validated, nullifier generated [3melection_id[0m[2m=[0md43416db-8a11-4e57-bc00-5f160b887843 [3mdocument_number_hash[0m[2m=[0mbc8a8f6976602ec4f2ee234b047cfedbbd02cc49d2783c66259910effb9a2acc
[2m2026-04-07T22:06:51.054201Z[0m [32m INFO[0m [1mrequest[0m[1m{[0m[3mrequest_id[0m[2m=[0m54293b5d-c82f-416e-855b-75f4bea70217 [3mmethod[0m[2m=[0mPOST [3muri[0m[2m=[0m/vote/validate-identity [3mversion[0m[2m=[0mHTTP/1.1[1m}[0m[2m:[0m [2mtower_http::trace::on_response[0m[2m:[0m finished processing request [3mlatency[0m[2m=[0m2 ms [3mstatus[0m[2m=[0m200
[2m2026-04-07T22:06:51.055846Z[0m [32m INFO[0m [1mrequest[0m[1m{[0m[3mrequest_id[0m[2m=[0mc1eed73a-2182-4a94-8c3f-8994652d6cca [3mmethod[0m[2m=[0mPOST [3muri[0m[2m=[0m/vote/validate-identity [3mversion[0m[2m=[0mHTTP/1.1[1m}[0m[2m:[0m [2mtower_http::trace::on_request[0m[2m:[0m started processing request
[2m2026-04-07T22:06:51.057455Z[0m [32m INFO[0m [1mrequest[0m[1m{[0m[3mrequest_id[0m[2m=[0mc1eed73a-2182-4a94-8c3f-8994652d6cca [3mmethod[0m[2m=[0mPOST [3muri[0m[2m=[0m/vote/validate-identity [3mversion[0m[2m=[0mHTTP/1.1[1m}[0m[2m:[0m [2msolesigner::api::vote[0m[2m:[0m Identity validated, nullifier generated [3melection_id[0m[2m=[0md43416db-8a11-4e57-bc00-5f160b887843 [3mdocument_number_hash[0m[2m=[0m75a19ace84050d0947fea4c94af4d1b231a806b89982ef308047c2219c3056de
[2m2026-04-07T22:06:51.058166Z[0m [32m INFO[0m [1mrequest[0m[1m{[0m[3mrequest_id[0m[2m=[0mc1eed73a-2182-4a94-8c3f-8994652d6cca [3mmethod[0m[2m=[0mPOST [3muri[0m[2m=[0m/vote/validate-identity [3mversion[0m[2m=[0mHTTP/1.1[1m}[0m[2m:[0m [2mtower_http::trace::on_response[0m[2m:[0m finished processing request [3mlatency[0m[2m=[0m2 ms [3mstatus[0m[2m=[0m200
[2m2026-04-07T22:06:51.060386Z[0m [32m INFO[0m [1mrequest[0m[1m{[0m[3mrequest_id[0m[2m=[0mc837659f-e227-4c11-9852-1a7350364749 [3mmethod[0m[2m=[0mPOST [3muri[0m[2m=[0m/vote/validate-identity [3mversion[0m[2m=[0mHTTP/1.1[1m}[0m[2m:[0m [2mtower_http::trace::on_request[0m[2m:[0m started processing request
[2m2026-04-07T22:06:51.062372Z[0m [32m INFO[0m [1mrequest[0m[1m{[0m[3mrequest_id[0m[2m=[0mc837659f-e227-4c11-9852-1a7350364749 [3mmethod[0m[2m=[0mPOST [3muri[0m[2m=[0m/vote/validate-identity [3mversion[0m[2m=[0mHTTP/1.1[1m}[0m[2m:[0m [2msolesigner::api::vote[0m[2m:[0m Identity validated, nullifier generated [3melection_id[0m[2m=[0md43416db-8a11-4e57-bc00-5f160b887843 [3mdocument_number_hash[0m[2m=[0md149f2719eec9331fb4521c4e19083012aee35f887bbb5d39e8fa471edf8e33d
[2m2026-04-07T22:06:51.062902Z[0m [32m INFO[0m [1mrequest[0m[1m{[0m[3mrequest_id[0m[2m=[0mc837659f-e227-4c11-9852-1a7350364749 [3mmethod[0m[2m=[0mPOST [3muri[0m[2m=[0m/vote/validate-identity [3mversion[0m[2m=[0mHTTP/1.1[1m}[0m[2m:[0m [2mtower_http::trace::on_response[0m[2m:[0m finished processing request [3mlatency[0m[2m=[0m2 ms [3mstatus[0m[2m=[0m200
[2m2026-04-07T22:06:51.064610Z[0m [32m INFO[0m [1mrequest[0m[1m{[0m[3mrequest_id[0m[2m=[0m9bb5f35c-4e4c-4c83-a867-fec2467b1cfd [3mmethod[0m[2m=[0mPOST [3muri[0m[2m=[0m/vote/validate-identity [3mversion[0m[2m=[0mHTTP/1.1[1m}[0m[2m:[0m [2mtower_http::trace::on_request[0m[2m:[0m started processing request
[2m2026-04-07T22:06:51.066060Z[0m [32m INFO[0m [1mrequest[0m[1m{[0m[3mrequest_id[0m[2m=[0m9bb5f35c-4e4c-4c83-a867-fec2467b1cfd [3mmethod[0m[2m=[0mPOST [3muri[0m[2m=[0m/vote/validate-identity [3mversion[0m[2m=[0mHTTP/1.1[1m}[0m[2m:[0m [2msolesigner::api::vote[0m[2m:[0m Identity validated, nullifier generated [3melection_id[0m[2m=[0md43416db-8a11-4e57-bc00-5f160b887843 [3mdocument_number_hash[0m[2m=[0m8631c0fd641adb41a1d2428cbf98baadc7dd226645ddc64802416aba700a684f
[2m2026-04-07T22:06:51.066548Z[0m [32m INFO[0m [1mrequest[0m[1m{[0m[3mrequest_id[0m[2m=[0m9bb5f35c-4e4c-4c83-a867-fec2467b1cfd [3mmethod[0m[2m=[0mPOST [3muri[0m[2m=[0m/vote/validate-identity [3mversion[0m[2m=[0mHTTP/1.1[1m}[0m[2m:[0m [2mtower_http::trace::on_response[0m[2m:[0m finished processing request [3mlatency[0m[2m=[0m2 ms [3mstatus[0m[2m=[0m200
[2m2026-04-07T22:06:51.068260Z[0m [32m INFO[0m [1mrequest[0m[1m{[0m[3mrequest_id[0m[2m=[0me13254bb-8971-4088-be49-e35f1793d883 [3mmethod[0m[2m=[0mPOST [3muri[0m[2m=[0m/vote/validate-identity [3mversion[0m[2m=[0mHTTP/1.1[1m}[0m[2m:[0m [2mtower_http::trace::on_request[0m[2m:[0m started processing request
[2m2026-04-07T22:06:51.069848Z[0m [32m INFO[0m [1mrequest[0m[1m{[0m[3mrequest_id[0m[2m=[0me13254bb-8971-4088-be49-e35f1793d883 [3mmethod[0m[2m=[0mPOST [3muri[0m[2m=[0m/vote/validate-identity [3mversion[0m[2m=[0mHTTP/1.1[1m}[0m[2m:[0m [2msolesigner::api::vote[0m[2m:[0m Identity validated, nullifier generated [3melection_id[0m[2m=[0md43416db-8a11-4e57-bc00-5f160b887843 [3mdocument_number_hash[0m[2m=[0md4f0c213be201f6fd80e3cfd7bffa002c576036e095212bf87ba1aab2201b93d
[2m2026-04-07T22:06:51.070414Z[0m [32m INFO[0m [1mrequest[0m[1m{[0m[3mrequest_id[0m[2m=[0me13254bb-8971-4088-be49-e35f1793d883 [3mmethod[0m[2m=[0mPOST [3muri[0m[2m=[0m/vote/validate-identity [3mversion[0m[2m=[0mHTTP/1.1[1m}[0m[2m:[0m [2mtower_http::trace::on_response[0m[2m:[0m finished processing request [3mlatency[0m[2m=[0m2 ms [3mstatus[0m[2m=[0m200
[2m2026-04-07T22:06:51.072057Z[0m [32m INFO[0m [1mrequest[0m[1m{[0m[3mrequest_id[0m[2m=[0m98c85b27-027b-4593-a002-9b041282e6f9 [3mmethod[0m[2m=[0mPOST [3muri[0m[2m=[0m/vote/validate-identity [3mversion[0m[2m=[0mHTTP/1.1[1m}[0m[2m:[0m [2mtower_http::trace::on_request[0m[2m:[0m started processing request
[2m2026-04-07T22:06:51.073707Z[0m [32m INFO[0m [1mrequest[0m[1m{[0m[3mrequest_id[0m[2m=[0m98c85b27-027b-4593-a002-9b041282e6f9 [3mmethod[0m[2m=[0mPOST [3muri[0m[2m=[0m/vote/validate-identity [3mversion[0m[2m=[0mHTTP/1.1[1m}[0m[2m:[0m [2msolesigner::api::vote[0m[2m:[0m Identity validated, nullifier generated [3melection_id[0m[2m=[0md43416db-8a11-4e57-bc00-5f160b887843 [3mdocument_number_hash[0m[2m=[0mb8060d98ed78c20f1d5408b8d8bb1cefada01cd79c74f5fb7714deaab7873322
[2m2026-04-07T22:06:51.074297Z[0m [32m INFO[0m [1mrequest[0m[1m{[0m[3mrequest_id[0m[2m=[0m98c85b27-027b-4593-a002-9b041282e6f9 [3mmethod[0m[2m=[0mPOST [3muri[0m[2m=[0m/vote/validate-identity [3mversion[0m[2m=[0mHTTP/1.1[1m}[0m[2m:[0m [2mtower_http::trace::on_response[0m[2m:[0m finished processing request [3mlatency[0m[2m=[0m2 ms [3mstatus[0m[2m=[0m200
[2m2026-04-07T22:06:51.076598Z[0m [32m INFO[0m [1mrequest[0m[1m{[0m[3mrequest_id[0m[2m=[0m59abad14-a5d2-463e-b2f1-54891d3069de [3mmethod[0m[2m=[0mPOST [3muri[0m[2m=[0m/vote/validate-identity [3mversion[0m[2m=[0mHTTP/1.1[1m}[0m[2m:[0m [2mtower_http::trace::on_request[0m[2m:[0m started processing request
[2m2026-04-07T22:06:51.078415Z[0m [32m INFO[0m [1mrequest[0m[1m{[0m[3mrequest_id[0m[2m=[0m59abad14-a5d2-463e-b2f1-54891d3069de [3mmethod[0m[2m=[0mPOST [3muri[0m[2m=[0m/vote/validate-identity [3mversion[0m[2m=[0mHTTP/1.1[1m}[0m[2m:[0m [2msolesigner::api::vote[0m[2m:[0m Identity validated, nullifier generated [3melection_id[0m[2m=[0md43416db-8a11-4e57-bc00-5f160b887843 [3mdocument_number_hash[0m[2m=[0m9a41ba5c354b8c6b14b35f911d1bf62e0269fc6c52fffd9d539b0241df242190
[2m2026-04-07T22:06:51.079091Z[0m [32m INFO[0m [1mrequest[0m[1m{[0m[3mrequest_id[0m[2m=[0m59abad14-a5d2-463e-b2f1-54891d3069de [3mmethod[0m[2m=[0mPOST [3muri[0m[2m=[0m/vote/validate-identity [3mversion[0m[2m=[0mHTTP/1.1[1m}[0m[2m:[0m [2mtower_http::trace::on_response[0m[2m:[0m finished processing request [3mlatency[0m[2m=[0m2 ms [3mstatus[0m[2m=[0m200
[2m2026-04-07T22:06:51.080967Z[0m [32m INFO[0m [1mrequest[0m[1m{[0m[3mrequest_id[0m[2m=[0m4b0274ec-b79d-4375-bfce-1bed10711877 [3mmethod[0m[2m=[0mPOST [3muri[0m[2m=[0m/vote/validate-identity [3mversion[0m[2m=[0mHTTP/1.1[1m}[0m[2m:[0m [2mtower_http::trace::on_request[0m[2m:[0m started processing request
[2m2026-04-07T22:06:51.082696Z[0m [32m INFO[0m [1mrequest[0m[1m{[0m[3mrequest_id[0m[2m=[0m4b0274ec-b79d-4375-bfce-1bed10711877 [3mmethod[0m[2m=[0mPOST [3muri[0m[2m=[0m/vote/validate-identity [3mversion[0m[2m=[0mHTTP/1.1[1m}[0m[2m:[0m [2msolesigner::api::vote[0m[2m:[0m Identity validated, nullifier generated [3melection_id[0m[2m=[0md43416db-8a11-4e57-bc00-5f160b887843 [3mdocument_number_hash[0m[2m=[0mf58205208ef61c6d5a47955861d0f7cc8272d60b524898426ff19be0c900391f
[2m2026-04-07T22:06:51.083273Z[0m [32m INFO[0m [1mrequest[0m[1m{[0m[3mrequest_id[0m[2m=[0m4b0274ec-b79d-4375-bfce-1bed10711877 [3mmethod[0m[2m=[0mPOST [3muri[0m[2m=[0m/vote/validate-identity [3mversion[0m[2m=[0mHTTP/1.1[1m}[0m[2m:[0m [2mtower_http::trace::on_response[0m[2m:[0m finished processing request [3mlatency[0m[2m=[0m2 ms [3mstatus[0m[2m=[0m200
[2m2026-04-07T22:06:51.085243Z[0m [32m INFO[0m [1mrequest[0m[1m{[0m[3mrequest_id[0m[2m=[0m21d61c47-0cd3-4346-8d46-d431b6a62239 [3mmethod[0m[2m=[0mPOST [3muri[0m[2m=[0m/vote/validate-identity [3mversion[0m[2m=[0mHTTP/1.1[1m}[0m[2m:[0m [2mtower_http::trace::on_request[0m[2m:[0m started processing request
[2m2026-04-07T22:06:51.086939Z[0m [32m INFO[0m [1mrequest[0m[1m{[0m[3mrequest_id[0m[2m=[0m21d61c47-0cd3-4346-8d46-d431b6a62239 [3mmethod[0m[2m=[0mPOST [3muri[0m[2m=[0m/vote/validate-identity [3mversion[0m[2m=[0mHTTP/1.1[1m}[0m[2m:[0m [2msolesigner::api::vote[0m[2m:[0m Identity validated, nullifier generated [3melection_id[0m[2m=[0md43416db-8a11-4e57-bc00-5f160b887843 [3mdocument_number_hash[0m[2m=[0m1279d1e48ffe5520f433a23467bd9068e47adc24e41731e5c52ee6aec712675f
[2m2026-04-07T22:06:51.087535Z[0m [32m INFO[0m [1mrequest[0m[1m{[0m[3mrequest_id[0m[2m=[0m21d61c47-0cd3-4346-8d46-d431b6a62239 [3mmethod[0m[2m=[0mPOST [3muri[0m[2m=[0m/vote/validate-identity [3mversion[0m[2m=[0mHTTP/1.1[1m}[0m[2m:[0m [2mtower_http::trace::on_response[0m[2m:[0m finished processing request [3mlatency[0m[2m=[0m2 ms [3mstatus[0m[2m=[0m200
[2m2026-04-07T22:06:51.089418Z[0m [32m INFO[0m [1mrequest[0m[1m{[0m[3mrequest_id[0m[2m=[0m78533b29-cdb8-4262-842b-1b4c6de547cb [3mmethod[0m[2m=[0mPOST [3muri[0m[2m=[0m/vote/validate-identity [3mversion[0m[2m=[0mHTTP/1.1[1m}[0m[2m:[0m [2mtower_http::trace::on_request[0m[2m:[0m started processing request
[2m2026-04-07T22:06:51.090507Z[0m [32m INFO[0m [1mrequest[0m[1m{[0m[3mrequest_id[0m[2m=[0m78533b29-cdb8-4262-842b-1b4c6de547cb [3mmethod[0m[2m=[0mPOST [3muri[0m[2m=[0m/vote/validate-identity [3mversion[0m[2m=[0mHTTP/1.1[1m}[0m[2m:[0m [2msolesigner::api::vote[0m[2m:[0m Identity validated, nullifier generated [3melection_id[0m[2m=[0md43416db-8a11-4e57-bc00-5f160b887843 [3mdocument_number_hash[0m[2m=[0md11fd3c76b3befba99a32686dfe8e78d7d3fff3134fd0199648562a5880dedd1
[2m2026-04-07T22:06:51.090845Z[0m [32m INFO[0m [1mrequest[0m[1m{[0m[3mrequest_id[0m[2m=[0m78533b29-cdb8-4262-842b-1b4c6de547cb [3mmethod[0m[2m=[0mPOST [3muri[0m[2m=[0m/vote/validate-identity [3mversion[0m[2m=[0mHTTP/1.1[1m}[0m[2m:[0m [2mtower_http::trace::on_response[0m[2m:[0m finished processing request [3mlatency[0m[2m=[0m1 ms [3mstatus[0m[2m=[0m200
[2m2026-04-07T22:06:51.092553Z[0m [32m INFO[0m [1mrequest[0m[1m{[0m[3mrequest_id[0m[2m=[0m396b326c-635e-4148-b237-e9c72f9c5e3e [3mmethod[0m[2m=[0mPOST [3muri[0m[2m=[0m/vote/validate-identity [3mversion[0m[2m=[0mHTTP/1.1[1m}[0m[2m:[0m [2mtower_http::trace::on_request[0m[2m:[0m started processing request
[2m2026-04-07T22:06:51.093830Z[0m [32m INFO[0m [1mrequest[0m[1m{[0m[3mrequest_id[0m[2m=[0m396b326c-635e-4148-b237-e9c72f9c5e3e [3mmethod[0m[2m=[0mPOST [3muri[0m[2m=[0m/vote/validate-identity [3mversion[0m[2m=[0mHTTP/1.1[1m}[0m[2m:[0m [2msolesigner::api::vote[0m[2m:[0m Identity validated, nullifier generated [3melection_id[0m[2m=[0md43416db-8a11-4e57-bc00-5f160b887843 [3mdocument_number_hash[0m[2m=[0md8bfdac914ba1fabc7a8a1dfe1c3fdb7e2e7c961e4d4b9acbb307c850ed2c971
[2m2026-04-07T22:06:51.094157Z[0m [32m INFO[0m [1mrequest[0m[1m{[0m[3mrequest_id[0m[2m=[0m396b326c-635e-4148-b237-e9c72f9c5e3e [3mmethod[0m[2m=[0mPOST [3muri[0m[2m=[0m/vote/validate-identity [3mversion[0m[2m=[0mHTTP/1.1[1m}[0m[2m:[0m [2mtower_http::trace::on_response[0m[2m:[0m finished processing request [3mlatency[0m[2m=[0m1 ms [3mstatus[0m[2m=[0m200
[2m2026-04-07T22:06:51.095884Z[0m [32m INFO[0m [1mrequest[0m[1m{[0m[3mrequest_id[0m[2m=[0m39c65225-21e7-4a63-bd7c-8cdefa871156 [3mmethod[0m[2m=[0mPOST [3muri[0m[2m=[0m/vote/validate-identity [3mversion[0m[2m=[0mHTTP/1.1[1m}[0m[2m:[0m [2mtower_http::trace::on_request[0m[2m:[0m started processing request
[2m2026-04-07T22:06:51.097769Z[0m [32m INFO[0m [1mrequest[0m[1m{[0m[3mrequest_id[0m[2m=[0m39c65225-21e7-4a63-bd7c-8cdefa871156 [3mmethod[0m[2m=[0mPOST [3muri[0m[2m=[0m/vote/validate-identity [3mversion[0m[2m=[0mHTTP/1.1[1m}[0m[2m:[0m [2msolesigner::api::vote[0m[2m:[0m Identity validated, nullifier generated [3melection_id[0m[2m=[0md43416db-8a11-4e57-bc00-5f160b887843 [3mdocument_number_hash[0m[2m=[0mb65ddceb446169e7abf26a3736f1500f39f3359e34906841ee402853eb0e2c9f
[2m2026-04-07T22:06:51.098473Z[0m [32m INFO[0m [1mrequest[0m[1m{[0m[3mrequest_id[0m[2m=[0m39c65225-21e7-4a63-bd7c-8cdefa871156 [3mmethod[0m[2m=[0mPOST [3muri[0m[2m=[0m/vote/validate-identity [3mversion[0m[2m=[0mHTTP/1.1[1m}[0m[2m:[0m [2mtower_http::trace::on_response[0m[2m:[0m finished processing request [3mlatency[0m[2m=[0m2 ms [3mstatus[0m[2m=[0m200
[2m2026-04-07T22:06:51.100591Z[0m [32m INFO[0m [1mrequest[0m[1m{[0m[3mrequest_id[0m[2m=[0m3afc9e75-dc5d-4031-b4c7-7751afb2b1ba [3mmethod[0m[2m=[0mPOST [3muri[0m[2m=[0m/vote/validate-identity [3mversion[0m[2m=[0mHTTP/1.1[1m}[0m[2m:[0m [2mtower_http::trace::on_request[0m[2m:[0m started processing request
[2m2026-04-07T22:06:51.102344Z[0m [32m INFO[0m [1mrequest[0m[1m{[0m[3mrequest_id[0m[2m=[0m3afc9e75-dc5d-4031-b4c7-7751afb2b1ba [3mmethod[0m[2m=[0mPOST [3muri[0m[2m=[0m/vote/validate-identity [3mversion[0m[2m=[0mHTTP/1.1[1m}[0m[2m:[0m [2msolesigner::api::vote[0m[2m:[0m Identity validated, nullifier generated [3melection_id[0m[2m=[0md43416db-8a11-4e57-bc00-5f160b887843 [3mdocument_number_hash[0m[2m=[0m35a6ff8aea9f5a026e6465c755e7287e8c3e8813929e0b31e33e666db99a9058
[2m2026-04-07T22:06:51.102888Z[0m [32m INFO[0m [1mrequest[0m[1m{[0m[3mrequest_id[0m[2m=[0m3afc9e75-dc5d-4031-b4c7-7751afb2b1ba [3mmethod[0m[2m=[0mPOST [3muri[0m[2m=[0m/vote/validate-identity [3mversion[0m[2m=[0mHTTP/1.1[1m}[0m[2m:[0m [2mtower_http::trace::on_response[0m[2m:[0m finished processing request [3mlatency[0m[2m=[0m2 ms [3mstatus[0m[2m=[0m200
[2m2026-04-07T22:06:51.104813Z[0m [32m INFO[0m [1mrequest[0m[1m{[0m[3mrequest_id[0m[2m=[0m902b8076-c051-4360-8c0d-3ae3b6cf50aa [3mmethod[0m[2m=[0mPOST [3muri[0m[2m=[0m/vote/validate-identity [3mversion[0m[2m=[0mHTTP/1.1[1m}[0m[2m:[0m [2mtower_http::trace::on_request[0m[2m:[0m started processing request
[2m2026-04-07T22:06:51.106406Z[0m [32m INFO[0m [1mrequest[0m[1m{[0m[3mrequest_id[0m[2m=[0m902b8076-c051-4360-8c0d-3ae3b6cf50aa [3mmethod[0m[2m=[0mPOST [3muri[0m[2m=[0m/vote/validate-identity [3mversion[0m[2m=[0mHTTP/1.1[1m}[0m[2m:[0m [2msolesigner::api::vote[0m[2m:[0m Identity validated, nullifier generated [3melection_id[0m[2m=[0md43416db-8a11-4e57-bc00-5f160b887843 [3mdocument_number_hash[0m[2m=[0m8db4602f0a1e3a5f8e7b32d3331a2cb07dd76bd29497cb720e7414e681bdc204
[2m2026-04-07T22:06:51.106933Z[0m [32m INFO[0m [1mrequest[0m[1m{[0m[3mrequest_id[0m[2m=[0m902b8076-c051-4360-8c0d-3ae3b6cf50aa [3mmethod[0m[2m=[0mPOST [3muri[0m[2m=[0m/vote/validate-identity [3mversion[0m[2m=[0mHTTP/1.1[1m}[0m[2m:[0m [2mtower_http::trace::on_response[0m[2m:[0m finished processing request [3mlatency[0m[2m=[0m2 ms [3mstatus[0m[2m=[0m200
[2m2026-04-07T22:06:51.108751Z[0m [32m INFO[0m [1mrequest[0m[1m{[0m[3mrequest_id[0m[2m=[0md1c5bcb5-44bf-4b9b-8df6-10651940236a [3mmethod[0m[2m=[0mPOST [3muri[0m[2m=[0m/vote/validate-identity [3mversion[0m[2m=[0mHTTP/1.1[1m}[0m[2m:[0m [2mtower_http::trace::on_request[0m[2m:[0m started processing request
[2m2026-04-07T22:06:51.110417Z[0m [32m INFO[0m [1mrequest[0m[1m{[0m[3mrequest_id[0m[2m=[0md1c5bcb5-44bf-4b9b-8df6-10651940236a [3mmethod[0m[2m=[0mPOST [3muri[0m[2m=[0m/vote/validate-identity [3mversion[0m[2m=[0mHTTP/1.1[1m}[0m[2m:[0m [2msolesigner::api::vote[0m[2m:[0m Identity validated, nullifier generated [3melection_id[0m[2m=[0md43416db-8a11-4e57-bc00-5f160b887843 [3mdocument_number_hash[0m[2m=[0md11075309219652e3139d2bb464e38d2e713167ac08138dff4ad935d60bcd529
[2m2026-04-07T22:06:51.110967Z[0m [32m INFO[0m [1mrequest[0m[1m{[0m[3mrequest_id[0m[2m=[0md1c5bcb5-44bf-4b9b-8df6-10651940236a [3mmethod[0m[2m=[0mPOST [3muri[0m[2m=[0m/vote/validate-identity [3mversion[0m[2m=[0mHTTP/1.1[1m}[0m[2m:[0m [2mtower_http::trace::on_response[0m[2m:[0m finished processing request [3mlatency[0m[2m=[0m2 ms [3mstatus[0m[2m=[0m200
[2m2026-04-07T22:06:51.112988Z[0m [32m INFO[0m [1mrequest[0m[1m{[0m[3mrequest_id[0m[2m=[0m09b01123-a046-4378-b4c5-14a4ca9216c3 [3mmethod[0m[2m=[0mPOST [3muri[0m[2m=[0m/vote/validate-identity [3mversion[0m[2m=[0mHTTP/1.1[1m}[0m[2m:[0m [2mtower_http::trace::on_request[0m[2m:[0m started processing request
[2m2026-04-07T22:06:51.114894Z[0m [32m INFO[0m [1mrequest[0m[1m{[0m[3mrequest_id[0m[2m=[0m09b01123-a046-4378-b4c5-14a4ca9216c3 [3mmethod[0m[2m=[0mPOST [3muri[0m[2m=[0m/vote/validate-identity [3mversion[0m[2m=[0mHTTP/1.1[1m}[0m[2m:[0m [2msolesigner::api::vote[0m[2m:[0m Identity validated, nullifier generated [3melection_id[0m[2m=[0md43416db-8a11-4e57-bc00-5f160b887843 [3mdocument_number_hash[0m[2m=[0m2b64ae6a100ed428d7802cd60b63bb3e0f6bb19d37537de268134468c6fe9b8c
[2m2026-04-07T22:06:51.115537Z[0m [32m INFO[0m [1mrequest[0m[1m{[0m[3mrequest_id[0m[2m=[0m09b01123-a046-4378-b4c5-14a4ca9216c3 [3mmethod[0m[2m=[0mPOST [3muri[0m[2m=[0m/vote/validate-identity [3mversion[0m[2m=[0mHTTP/1.1[1m}[0m[2m:[0m [2mtower_http::trace::on_response[0m[2m:[0m finished processing request [3mlatency[0m[2m=[0m2 ms [3mstatus[0m[2m=[0m200
[2m2026-04-07T22:06:51.117499Z[0m [32m INFO[0m [1mrequest[0m[1m{[0m[3mrequest_id[0m[2m=[0maa72a16f-91e1-409b-8dae-1c8ba7379dee [3mmethod[0m[2m=[0mPOST [3muri[0m[2m=[0m/vote/validate-identity [3mversion[0m[2m=[0mHTTP/1.1[1m}[0m[2m:[0m [2mtower_http::trace::on_request[0m[2m:[0m started processing request
[2m2026-04-07T22:06:51.118939Z[0m [32m INFO[0m [1mrequest[0m[1m{[0m[3mrequest_id[0m[2m=[0maa72a16f-91e1-409b-8dae-1c8ba7379dee [3mmethod[0m[2m=[0mPOST [3muri[0m[2m=[0m/vote/validate-identity [3mversion[0m[2m=[0mHTTP/1.1[1m}[0m[2m:[0m [2msolesigner::api::vote[0m[2m:[0m Identity validated, nullifier generated [3melection_id[0m[2m=[0md43416db-8a11-4e57-bc00-5f160b887843 [3mdocument_number_hash[0m[2m=[0mbefa0d8b6d45ffb0d550329504abf632bdab23446051f44a7b5f8b05256d394b
[2m2026-04-07T22:06:51.119531Z[0m [32m INFO[0m [1mrequest[0m[1m{[0m[3mrequest_id[0m[2m=[0maa72a16f-91e1-409b-8dae-1c8ba7379dee [3mmethod[0m[2m=[0mPOST [3muri[0m[2m=[0m/vote/validate-identity [3mversion[0m[2m=[0mHTTP/1.1[1m}[0m[2m:[0m [2mtower_http::trace::on_response[0m[2m:[0m finished processing request [3mlatency[0m[2m=[0m2 ms [3mstatus[0m[2m=[0m200
[2m2026-04-07T22:06:51.121410Z[0m [32m INFO[0m [1mrequest[0m[1m{[0m[3mrequest_id[0m[2m=[0mac367432-4b46-4aee-95a1-9843c8506191 [3mmethod[0m[2m=[0mPOST [3muri[0m[2m=[0m/vote/validate-identity [3mversion[0m[2m=[0mHTTP/1.1[1m}[0m[2m:[0m [2mtower_http::trace::on_request[0m[2m:[0m started processing request
[2m2026-04-07T22:06:51.122949Z[0m [32m INFO[0m [1mrequest[0m[1m{[0m[3mrequest_id[0m[2m=[0mac367432-4b46-4aee-95a1-9843c8506191 [3mmethod[0m[2m=[0mPOST [3muri[0m[2m=[0m/vote/validate-identity [3mversion[0m[2m=[0mHTTP/1.1[1m}[0m[2m:[0m [2msolesigner::api::vote[0m[2m:[0m Identity validated, nullifier generated [3melection_id[0m[2m=[0md43416db-8a11-4e57-bc00-5f160b887843 [3mdocument_number_hash[0m[2m=[0m464917925ee00e6ab32dd2729b563294eeedb8152c173fafba57755391fbc268
[2m2026-04-07T22:06:51.123520Z[0m [32m INFO[0m [1mrequest[0m[1m{[0m[3mrequest_id[0m[2m=[0mac367432-4b46-4aee-95a1-9843c8506191 [3mmethod[0m[2m=[0mPOST [3muri[0m[2m=[0m/vote/validate-identity [3mversion[0m[2m=[0mHTTP/1.1[1m}[0m[2m:[0m [2mtower_http::trace::on_response[0m[2m:[0m finished processing request [3mlatency[0m[2m=[0m2 ms [3mstatus[0m[2m=[0m200
[2m2026-04-07T22:06:51.125189Z[0m [32m INFO[0m [1mrequest[0m[1m{[0m[3mrequest_id[0m[2m=[0m51cc3541-e491-41a2-a003-10f1717766b6 [3mmethod[0m[2m=[0mPOST [3muri[0m[2m=[0m/vote/validate-identity [3mversion[0m[2m=[0mHTTP/1.1[1m}[0m[2m:[0m [2mtower_http::trace::on_request[0m[2m:[0m started processing request
[2m2026-04-07T22:06:51.126538Z[0m [32m INFO[0m [1mrequest[0m[1m{[0m[3mrequest_id[0m[2m=[0m51cc3541-e491-41a2-a003-10f1717766b6 [3mmethod[0m[2m=[0mPOST [3muri[0m[2m=[0m/vote/validate-identity [3mversion[0m[2m=[0mHTTP/1.1[1m}[0m[2m:[0m [2msolesigner::api::vote[0m[2m:[0m Identity validated, nullifier generated [3melection_id[0m[2m=[0md43416db-8a11-4e57-bc00-5f160b887843 [3mdocument_number_hash[0m[2m=[0mf2c65cac6c748481e05b150f120891ce3c0062fda06d470a0899b5bf03761a72
[2m2026-04-07T22:06:51.127100Z[0m [32m INFO[0m [1mrequest[0m[1m{[0m[3mrequest_id[0m[2m=[0m51cc3541-e491-41a2-a003-10f1717766b6 [3mmethod[0m[2m=[0mPOST [3muri[0m[2m=[0m/vote/validate-identity [3mversion[0m[2m=[0mHTTP/1.1[1m}[0m[2m:[0m [2mtower_http::trace::on_response[0m[2m:[0m finished processing request [3mlatency[0m[2m=[0m1 ms [3mstatus[0m[2m=[0m200
[2m2026-04-07T22:06:51.129122Z[0m [32m INFO[0m [1mrequest[0m[1m{[0m[3mrequest_id[0m[2m=[0mee3109c9-e0aa-4643-9da0-836b32ab52f4 [3mmethod[0m[2m=[0mPOST [3muri[0m[2m=[0m/vote/validate-identity [3mversion[0m[2m=[0mHTTP/1.1[1m}[0m[2m:[0m [2mtower_http::trace::on_request[0m[2m:[0m started processing request
[2m2026-04-07T22:06:51.130998Z[0m [32m INFO[0m [1mrequest[0m[1m{[0m[3mrequest_id[0m[2m=[0mee3109c9-e0aa-4643-9da0-836b32ab52f4 [3mmethod[0m[2m=[0mPOST [3muri[0m[2m=[0m/vote/validate-identity [3mversion[0m[2m=[0mHTTP/1.1[1m}[0m[2m:[0m [2msolesigner::api::vote[0m[2m:[0m Identity validated, nullifier generated [3melection_id[0m[2m=[0md43416db-8a11-4e57-bc00-5f160b887843 [3mdocument_number_hash[0m[2m=[0mbd2ccb9711bc5f3ff58667f5ca1d2b5d455d23c0a7fd1b9e78a5d0e7e535eb5b
[2m2026-04-07T22:06:51.131717Z[0m [32m INFO[0m [1mrequest[0m[1m{[0m[3mrequest_id[0m[2m=[0mee3109c9-e0aa-4643-9da0-836b32ab52f4 [3mmethod[0m[2m=[0mPOST [3muri[0m[2m=[0m/vote/validate-identity [3mversion[0m[2m=[0mHTTP/1.1[1m}[0m[2m:[0m [2mtower_http::trace::on_response[0m[2m:[0m finished processing request [3mlatency[0m[2m=[0m2 ms [3mstatus[0m[2m=[0m200
[2m2026-04-07T22:06:51.133699Z[0m [32m INFO[0m [1mrequest[0m[1m{[0m[3mrequest_id[0m[2m=[0m957c1467-8f30-4daa-8caf-661c69a4f134 [3mmethod[0m[2m=[0mPOST [3muri[0m[2m=[0m/vote/validate-identity [3mversion[0m[2m=[0mHTTP/1.1[1m}[0m[2m:[0m [2mtower_http::trace::on_request[0m[2m:[0m started processing request
[2m2026-04-07T22:06:51.135136Z[0m [32m INFO[0m [1mrequest[0m[1m{[0m[3mrequest_id[0m[2m=[0m957c1467-8f30-4daa-8caf-661c69a4f134 [3mmethod[0m[2m=[0mPOST [3muri[0m[2m=[0m/vote/validate-identity [3mversion[0m[2m=[0mHTTP/1.1[1m}[0m[2m:[0m [2msolesigner::api::vote[0m[2m:[0m Identity validated, nullifier generated [3melection_id[0m[2m=[0md43416db-8a11-4e57-bc00-5f160b887843 [3mdocument_number_hash[0m[2m=[0mea87a409d090b78ea040eb2a370f10c655d408cfaba2eb8cd8d42504ac791acd
[2m2026-04-07T22:06:51.135779Z[0m [32m INFO[0m [1mrequest[0m[1m{[0m[3mrequest_id[0m[2m=[0m957c1467-8f30-4daa-8caf-661c69a4f134 [3mmethod[0m[2m=[0mPOST [3muri[0m[2m=[0m/vote/validate-identity [3mversion[0m[2m=[0mHTTP/1.1[1m}[0m[2m:[0m [2mtower_http::trace::on_response[0m[2m:[0m finished processing request [3mlatency[0m[2m=[0m2 ms [3mstatus[0m[2m=[0m200
[2m2026-04-07T22:06:51.137781Z[0m [32m INFO[0m [1mrequest[0m[1m{[0m[3mrequest_id[0m[2m=[0mbea840b9-e8f7-4cc4-8c7e-33be2c4e92c3 [3mmethod[0m[2m=[0mPOST [3muri[0m[2m=[0m/vote/validate-identity [3mversion[0m[2m=[0mHTTP/1.1[1m}[0m[2m:[0m [2mtower_http::trace::on_request[0m[2m:[0m started processing request
[2m2026-04-07T22:06:51.139485Z[0m [32m INFO[0m [1mrequest[0m[1m{[0m[3mrequest_id[0m[2m=[0mbea840b9-e8f7-4cc4-8c7e-33be2c4e92c3 [3mmethod[0m[2m=[0mPOST [3muri[0m[2m=[0m/vote/validate-identity [3mversion[0m[2m=[0mHTTP/1.1[1m}[0m[2m:[0m [2msolesigner::api::vote[0m[2m:[0m Identity validated, nullifier generated [3melection_id[0m[2m=[0md43416db-8a11-4e57-bc00-5f160b887843 [3mdocument_number_hash[0m[2m=[0ma18e1605a85523d29ce8a1797594dae9d11c186d8ca41eab85a8f8b6442104b7
[2m2026-04-07T22:06:51.140014Z[0m [32m INFO[0m [1mrequest[0m[1m{[0m[3mrequest_id[0m[2m=[0mbea840b9-e8f7-4cc4-8c7e-33be2c4e92c3 [3mmethod[0m[2m=[0mPOST [3muri[0m[2m=[0m/vote/validate-identity [3mversion[0m[2m=[0mHTTP/1.1[1m}[0m[2m:[0m [2mtower_http::trace::on_response[0m[2m:[0m finished processing request [3mlatency[0m[2m=[0m2 ms [3mstatus[0m[2m=[0m200
[2m2026-04-07T22:06:51.141670Z[0m [32m INFO[0m [1mrequest[0m[1m{[0m[3mrequest_id[0m[2m=[0mfd359ebe-347f-4d98-b22f-5207e988b8f6 [3mmethod[0m[2m=[0mPOST [3muri[0m[2m=[0m/vote/validate-identity [3mversion[0m[2m=[0mHTTP/1.1[1m}[0m[2m:[0m [2mtower_http::trace::on_request[0m[2m:[0m started processing request
[2m2026-04-07T22:06:51.143026Z[0m [32m INFO[0m [1mrequest[0m[1m{[0m[3mrequest_id[0m[2m=[0mfd359ebe-347f-4d98-b22f-5207e988b8f6 [3mmethod[0m[2m=[0mPOST [3muri[0m[2m=[0m/vote/validate-identity [3mversion[0m[2m=[0mHTTP/1.1[1m}[0m[2m:[0m [2msolesigner::api::vote[0m[2m:[0m Identity validated, nullifier generated [3melection_id[0m[2m=[0md43416db-8a11-4e57-bc00-5f160b887843 [3mdocument_number_hash[0m[2m=[0m7b45e5801fba798e071be98c25623e4fdd00f795faf84acfde6bc81f31ad3b76
[2m2026-04-07T22:06:51.143632Z[0m [32m INFO[0m [1mrequest[0m[1m{[0m[3mrequest_id[0m[2m=[0mfd359ebe-347f-4d98-b22f-5207e988b8f6 [3mmethod[0m[2m=[0mPOST [3muri[0m[2m=[0m/vote/validate-identity [3mversion[0m[2m=[0mHTTP/1.1[1m}[0m[2m:[0m [2mtower_http::trace::on_response[0m[2m:[0m finished processing request [3mlatency[0m[2m=[0m2 ms [3mstatus[0m[2m=[0m200
[2m2026-04-07T22:06:51.145784Z[0m [32m INFO[0m [1mrequest[0m[1m{[0m[3mrequest_id[0m[2m=[0md8b9eb46-7004-47ba-88ef-6b9e285692f1 [3mmethod[0m[2m=[0mPOST [3muri[0m[2m=[0m/vote/validate-identity [3mversion[0m[2m=[0mHTTP/1.1[1m}[0m[2m:[0m [2mtower_http::trace::on_request[0m[2m:[0m started processing request
[2m2026-04-07T22:06:51.147695Z[0m [32m INFO[0m [1mrequest[0m[1m{[0m[3mrequest_id[0m[2m=[0md8b9eb46-7004-47ba-88ef-6b9e285692f1 [3mmethod[0m[2m=[0mPOST [3muri[0m[2m=[0m/vote/validate-identity [3mversion[0m[2m=[0mHTTP/1.1[1m}[0m[2m:[0m [2msolesigner::api::vote[0m[2m:[0m Identity validated, nullifier generated [3melection_id[0m[2m=[0md43416db-8a11-4e57-bc00-5f160b887843 [3mdocument_number_hash[0m[2m=[0mc9fe8b2cbb2d30cb92bb05de240603e068637235e033f0f0c21e19a6191684e3
[2m2026-04-07T22:06:51.148397Z[0m [32m INFO[0m [1mrequest[0m[1m{[0m[3mrequest_id[0m[2m=[0md8b9eb46-7004-47ba-88ef-6b9e285692f1 [3mmethod[0m[2m=[0mPOST [3muri[0m[2m=[0m/vote/validate-identity [3mversion[0m[2m=[0mHTTP/1.1[1m}[0m[2m:[0m [2mtower_http::trace::on_response[0m[2m:[0m finished processing request [3mlatency[0m[2m=[0m2 ms [3mstatus[0m[2m=[0m200
[2m2026-04-07T22:06:51.150543Z[0m [32m INFO[0m [1mrequest[0m[1m{[0m[3mrequest_id[0m[2m=[0m5a728b0c-c67e-4b1c-aea9-849155ce3651 [3mmethod[0m[2m=[0mPOST [3muri[0m[2m=[0m/vote/validate-identity [3mversion[0m[2m=[0mHTTP/1.1[1m}[0m[2m:[0m [2mtower_http::trace::on_request[0m[2m:[0m started processing request
[2m2026-04-07T22:06:51.152088Z[0m [32m INFO[0m [1mrequest[0m[1m{[0m[3mrequest_id[0m[2m=[0m5a728b0c-c67e-4b1c-aea9-849155ce3651 [3mmethod[0m[2m=[0mPOST [3muri[0m[2m=[0m/vote/validate-identity [3mversion[0m[2m=[0mHTTP/1.1[1m}[0m[2m:[0m [2msolesigner::api::vote[0m[2m:[0m Identity validated, nullifier generated [3melection_id[0m[2m=[0md43416db-8a11-4e57-bc00-5f160b887843 [3mdocument_number_hash[0m[2m=[0m8fce53c0bdbd0645e3d8e71214c5635f16b724bcbe6043e7185b0146ade4c0de
[2m2026-04-07T22:06:51.152704Z[0m [32m INFO[0m [1mrequest[0m[1m{[0m[3mrequest_id[0m[2m=[0m5a728b0c-c67e-4b1c-aea9-849155ce3651 [3mmethod[0m[2m=[0mPOST [3muri[0m[2m=[0m/vote/validate-identity [3mversion[0m[2m=[0mHTTP/1.1[1m}[0m[2m:[0m [2mtower_http::trace::on_response[0m[2m:[0m finished processing request [3mlatency[0m[2m=[0m2 ms [3mstatus[0m[2m=[0m200
[2m2026-04-07T22:06:51.154625Z[0m [32m INFO[0m [1mrequest[0m[1m{[0m[3mrequest_id[0m[2m=[0mb2e32a69-fe49-487b-bd74-bb443783604f [3mmethod[0m[2m=[0mPOST [3muri[0m[2m=[0m/vote/validate-identity [3mversion[0m[2m=[0mHTTP/1.1[1m}[0m[2m:[0m [2mtower_http::trace::on_request[0m[2m:[0m started processing request
[2m2026-04-07T22:06:51.156243Z[0m [32m INFO[0m [1mrequest[0m[1m{[0m[3mrequest_id[0m[2m=[0mb2e32a69-fe49-487b-bd74-bb443783604f [3mmethod[0m[2m=[0mPOST [3muri[0m[2m=[0m/vote/validate-identity [3mversion[0m[2m=[0mHTTP/1.1[1m}[0m[2m:[0m [2msolesigner::api::vote[0m[2m:[0m Identity validated, nullifier generated [3melection_id[0m[2m=[0md43416db-8a11-4e57-bc00-5f160b887843 [3mdocument_number_hash[0m[2m=[0mbef73a01d64ceeac38e74636e47e5ce0ec5814e1dec68f534208ae0b9238de7c
[2m2026-04-07T22:06:51.156948Z[0m [32m INFO[0m [1mrequest[0m[1m{[0m[3mrequest_id[0m[2m=[0mb2e32a69-fe49-487b-bd74-bb443783604f [3mmethod[0m[2m=[0mPOST [3muri[0m[2m=[0m/vote/validate-identity [3mversion[0m[2m=[0mHTTP/1.1[1m}[0m[2m:[0m [2mtower_http::trace::on_response[0m[2m:[0m finished processing request [3mlatency[0m[2m=[0m2 ms [3mstatus[0m[2m=[0m200
[2m2026-04-07T22:06:51.158843Z[0m [32m INFO[0m [1mrequest[0m[1m{[0m[3mrequest_id[0m[2m=[0m89fbabae-513d-448c-858e-95c0326b80b3 [3mmethod[0m[2m=[0mPOST [3muri[0m[2m=[0m/vote/validate-identity [3mversion[0m[2m=[0mHTTP/1.1[1m}[0m[2m:[0m [2mtower_http::trace::on_request[0m[2m:[0m started processing request
[2m2026-04-07T22:06:51.160256Z[0m [32m INFO[0m [1mrequest[0m[1m{[0m[3mrequest_id[0m[2m=[0m89fbabae-513d-448c-858e-95c0326b80b3 [3mmethod[0m[2m=[0mPOST [3muri[0m[2m=[0m/vote/validate-identity [3mversion[0m[2m=[0mHTTP/1.1[1m}[0m[2m:[0m [2msolesigner::api::vote[0m[2m:[0m Identity validated, nullifier generated [3melection_id[0m[2m=[0md43416db-8a11-4e57-bc00-5f160b887843 [3mdocument_number_hash[0m[2m=[0m2a5d422e69374b00e202a0b6d8521cef3d7a834910374170c3e20cb531f35c4f
[2m2026-04-07T22:06:51.160969Z[0m [32m INFO[0m [1mrequest[0m[1m{[0m[3mrequest_id[0m[2m=[0m89fbabae-513d-448c-858e-95c0326b80b3 [3mmethod[0m[2m=[0mPOST [3muri[0m[2m=[0m/vote/validate-identity [3mversion[0m[2m=[0mHTTP/1.1[1m}[0m[2m:[0m [2mtower_http::trace::on_response[0m[2m:[0m finished processing request [3mlatency[0m[2m=[0m2 ms [3mstatus[0m[2m=[0m200
[2m2026-04-07T22:06:51.162856Z[0m [32m INFO[0m [1mrequest[0m[1m{[0m[3mrequest_id[0m[2m=[0m9bfaaf39-9ae7-45a8-bdcd-863e4adab4e3 [3mmethod[0m[2m=[0mPOST [3muri[0m[2m=[0m/vote/validate-identity [3mversion[0m[2m=[0mHTTP/1.1[1m}[0m[2m:[0m [2mtower_http::trace::on_request[0m[2m:[0m started processing request
[2m2026-04-07T22:06:51.164469Z[0m [32m INFO[0m [1mrequest[0m[1m{[0m[3mrequest_id[0m[2m=[0m9bfaaf39-9ae7-45a8-bdcd-863e4adab4e3 [3mmethod[0m[2m=[0mPOST [3muri[0m[2m=[0m/vote/validate-identity [3mversion[0m[2m=[0mHTTP/1.1[1m}[0m[2m:[0m [2msolesigner::api::vote[0m[2m:[0m Identity validated, nullifier generated [3melection_id[0m[2m=[0md43416db-8a11-4e57-bc00-5f160b887843 [3mdocument_number_hash[0m[2m=[0mca5c9a869bade5d2810ab76fcc2f2f4c511a742b92c6470bd7fba152727420ea
[2m2026-04-07T22:06:51.164925Z[0m [32m INFO[0m [1mrequest[0m[1m{[0m[3mrequest_id[0m[2m=[0m9bfaaf39-9ae7-45a8-bdcd-863e4adab4e3 [3mmethod[0m[2m=[0mPOST [3muri[0m[2m=[0m/vote/validate-identity [3mversion[0m[2m=[0mHTTP/1.1[1m}[0m[2m:[0m [2mtower_http::trace::on_response[0m[2m:[0m finished processing request [3mlatency[0m[2m=[0m2 ms [3mstatus[0m[2m=[0m200
[2m2026-04-07T22:06:51.166916Z[0m [32m INFO[0m [1mrequest[0m[1m{[0m[3mrequest_id[0m[2m=[0m65d23d19-df48-464b-abd1-f8ea70e47f1c [3mmethod[0m[2m=[0mPOST [3muri[0m[2m=[0m/vote/validate-identity [3mversion[0m[2m=[0mHTTP/1.1[1m}[0m[2m:[0m [2mtower_http::trace::on_request[0m[2m:[0m started processing request
[2m2026-04-07T22:06:51.168363Z[0m [32m INFO[0m [1mrequest[0m[1m{[0m[3mrequest_id[0m[2m=[0m65d23d19-df48-464b-abd1-f8ea70e47f1c [3mmethod[0m[2m=[0mPOST [3muri[0m[2m=[0m/vote/validate-identity [3mversion[0m[2m=[0mHTTP/1.1[1m}[0m[2m:[0m [2msolesigner::api::vote[0m[2m:[0m Identity validated, nullifier generated [3melection_id[0m[2m=[0md43416db-8a11-4e57-bc00-5f160b887843 [3mdocument_number_hash[0m[2m=[0m50bdaa7c451c95352cfdb4cb3ad3466d3439f86cf6d1c3e551dad4d047b07d23
[2m2026-04-07T22:06:51.168806Z[0m [32m INFO[0m [1mrequest[0m[1m{[0m[3mrequest_id[0m[2m=[0m65d23d19-df48-464b-abd1-f8ea70e47f1c [3mmethod[0m[2m=[0mPOST [3muri[0m[2m=[0m/vote/validate-identity [3mversion[0m[2m=[0mHTTP/1.1[1m}[0m[2m:[0m [2mtower_http::trace::on_response[0m[2m:[0m finished processing request [3mlatency[0m[2m=[0m2 ms [3mstatus[0m[2m=[0m200
[2m2026-04-07T22:06:51.170630Z[0m [32m INFO[0m [1mrequest[0m[1m{[0m[3mrequest_id[0m[2m=[0m4ae5fa44-53b6-498b-a129-f3b7fe1f0ae2 [3mmethod[0m[2m=[0mPOST [3muri[0m[2m=[0m/vote/validate-identity [3mversion[0m[2m=[0mHTTP/1.1[1m}[0m[2m:[0m [2mtower_http::trace::on_request[0m[2m:[0m started processing request
[2m2026-04-07T22:06:51.171965Z[0m [32m INFO[0m [1mrequest[0m[1m{[0m[3mrequest_id[0m[2m=[0m4ae5fa44-53b6-498b-a129-f3b7fe1f0ae2 [3mmethod[0m[2m=[0mPOST [3muri[0m[2m=[0m/vote/validate-identity [3mversion[0m[2m=[0mHTTP/1.1[1m}[0m[2m:[0m [2msolesigner::api::vote[0m[2m:[0m Identity validated, nullifier generated [3melection_id[0m[2m=[0md43416db-8a11-4e57-bc00-5f160b887843 [3mdocument_number_hash[0m[2m=[0m6c38555c6ea6cd12d46dedf278c13f1dc69db4c877ebadb7994ae6a028aca140
[2m2026-04-07T22:06:51.172423Z[0m [32m INFO[0m [1mrequest[0m[1m{[0m[3mrequest_id[0m[2m=[0m4ae5fa44-53b6-498b-a129-f3b7fe1f0ae2 [3mmethod[0m[2m=[0mPOST [3muri[0m[2m=[0m/vote/validate-identity [3mversion[0m[2m=[0mHTTP/1.1[1m}[0m[2m:[0m [2mtower_http::trace::on_response[0m[2m:[0m finished processing request [3mlatency[0m[2m=[0m1 ms [3mstatus[0m[2m=[0m200
[2m2026-04-07T22:06:51.174286Z[0m [32m INFO[0m [1mrequest[0m[1m{[0m[3mrequest_id[0m[2m=[0m5006682a-1658-4bef-9693-f55fb628fd52 [3mmethod[0m[2m=[0mPOST [3muri[0m[2m=[0m/vote/validate-identity [3mversion[0m[2m=[0mHTTP/1.1[1m}[0m[2m:[0m [2mtower_http::trace::on_request[0m[2m:[0m started processing request
[2m2026-04-07T22:06:51.175637Z[0m [32m INFO[0m [1mrequest[0m[1m{[0m[3mrequest_id[0m[2m=[0m5006682a-1658-4bef-9693-f55fb628fd52 [3mmethod[0m[2m=[0mPOST [3muri[0m[2m=[0m/vote/validate-identity [3mversion[0m[2m=[0mHTTP/1.1[1m}[0m[2m:[0m [2msolesigner::api::vote[0m[2m:[0m Identity validated, nullifier generated [3melection_id[0m[2m=[0md43416db-8a11-4e57-bc00-5f160b887843 [3mdocument_number_hash[0m[2m=[0m09f791c82e558375cfb21b2a00e92370bd26276fd8dd3efe1f2e7d303fcdc29c
[2m2026-04-07T22:06:51.176003Z[0m [32m INFO[0m [1mrequest[0m[1m{[0m[3mrequest_id[0m[2m=[0m5006682a-1658-4bef-9693-f55fb628fd52 [3mmethod[0m[2m=[0mPOST [3muri[0m[2m=[0m/vote/validate-identity [3mversion[0m[2m=[0mHTTP/1.1[1m}[0m[2m:[0m [2mtower_http::trace::on_response[0m[2m:[0m finished processing request [3mlatency[0m[2m=[0m1 ms [3mstatus[0m[2m=[0m200
[2m2026-04-07T22:06:51.177852Z[0m [32m INFO[0m [1mrequest[0m[1m{[0m[3mrequest_id[0m[2m=[0m18c7e006-6b73-4d9d-91fe-7ca5632c5f34 [3mmethod[0m[2m=[0mPOST [3muri[0m[2m=[0m/vote/validate-identity [3mversion[0m[2m=[0mHTTP/1.1[1m}[0m[2m:[0m [2mtower_http::trace::on_request[0m[2m:[0m started processing request
[2m2026-04-07T22:06:51.179591Z[0m [32m INFO[0m [1mrequest[0m[1m{[0m[3mrequest_id[0m[2m=[0m18c7e006-6b73-4d9d-91fe-7ca5632c5f34 [3mmethod[0m[2m=[0mPOST [3muri[0m[2m=[0m/vote/validate-identity [3mversion[0m[2m=[0mHTTP/1.1[1m}[0m[2m:[0m [2msolesigner::api::vote[0m[2m:[0m Identity validated, nullifier generated [3melection_id[0m[2m=[0md43416db-8a11-4e57-bc00-5f160b887843 [3mdocument_number_hash[0m[2m=[0m9c2a971574f240cc030b772afbf420a2cf85862a9625955ba992b24247a339c1
[2m2026-04-07T22:06:51.180300Z[0m [32m INFO[0m [1mrequest[0m[1m{[0m[3mrequest_id[0m[2m=[0m18c7e006-6b73-4d9d-91fe-7ca5632c5f34 [3mmethod[0m[2m=[0mPOST [3muri[0m[2m=[0m/vote/validate-identity [3mversion[0m[2m=[0mHTTP/1.1[1m}[0m[2m:[0m [2mtower_http::trace::on_response[0m[2m:[0m finished processing request [3mlatency[0m[2m=[0m2 ms [3mstatus[0m[2m=[0m200
[2m2026-04-07T22:06:51.182333Z[0m [32m INFO[0m [1mrequest[0m[1m{[0m[3mrequest_id[0m[2m=[0m11818c79-4f49-4265-8ff9-9720123fdad9 [3mmethod[0m[2m=[0mPOST [3muri[0m[2m=[0m/vote/validate-identity [3mversion[0m[2m=[0mHTTP/1.1[1m}[0m[2m:[0m [2mtower_http::trace::on_request[0m[2m:[0m started processing request
[2m2026-04-07T22:06:51.183789Z[0m [32m INFO[0m [1mrequest[0m[1m{[0m[3mrequest_id[0m[2m=[0m11818c79-4f49-4265-8ff9-9720123fdad9 [3mmethod[0m[2m=[0mPOST [3muri[0m[2m=[0m/vote/validate-identity [3mversion[0m[2m=[0mHTTP/1.1[1m}[0m[2m:[0m [2msolesigner::api::vote[0m[2m:[0m Identity validated, nullifier generated [3melection_id[0m[2m=[0md43416db-8a11-4e57-bc00-5f160b887843 [3mdocument_number_hash[0m[2m=[0m54123cee02993391b75dc3fe2569c83a66fcb58b1f34f531ddb56623e1c3fbea
[2m2026-04-07T22:06:51.184335Z[0m [32m INFO[0m [1mrequest[0m[1m{[0m[3mrequest_id[0m[2m=[0m11818c79-4f49-4265-8ff9-9720123fdad9 [3mmethod[0m[2m=[0mPOST [3muri[0m[2m=[0m/vote/validate-identity [3mversion[0m[2m=[0mHTTP/1.1[1m}[0m[2m:[0m [2mtower_http::trace::on_response[0m[2m:[0m finished processing request [3mlatency[0m[2m=[0m2 ms [3mstatus[0m[2m=[0m200
[2m2026-04-07T22:06:51.186102Z[0m [32m INFO[0m [1mrequest[0m[1m{[0m[3mrequest_id[0m[2m=[0m806a2f5e-5973-4066-a39e-a2de0672b56b [3mmethod[0m[2m=[0mPOST [3muri[0m[2m=[0m/vote/validate-identity [3mversion[0m[2m=[0mHTTP/1.1[1m}[0m[2m:[0m [2mtower_http::trace::on_request[0m[2m:[0m started processing request
[2m2026-04-07T22:06:51.187530Z[0m [32m INFO[0m [1mrequest[0m[1m{[0m[3mrequest_id[0m[2m=[0m806a2f5e-5973-4066-a39e-a2de0672b56b [3mmethod[0m[2m=[0mPOST [3muri[0m[2m=[0m/vote/validate-identity [3mversion[0m[2m=[0mHTTP/1.1[1m}[0m[2m:[0m [2msolesigner::api::vote[0m[2m:[0m Identity validated, nullifier generated [3melection_id[0m[2m=[0md43416db-8a11-4e57-bc00-5f160b887843 [3mdocument_number_hash[0m[2m=[0m5161ca8119f5b90ccd03e1c894563cb80beba5a888f18a3e232852984b58bae9
[2m2026-04-07T22:06:51.188010Z[0m [32m INFO[0m [1mrequest[0m[1m{[0m[3mrequest_id[0m[2m=[0m806a2f5e-5973-4066-a39e-a2de0672b56b [3mmethod[0m[2m=[0mPOST [3muri[0m[2m=[0m/vote/validate-identity [3mversion[0m[2m=[0mHTTP/1.1[1m}[0m[2m:[0m [2mtower_http::trace::on_response[0m[2m:[0m finished processing request [3mlatency[0m[2m=[0m2 ms [3mstatus[0m[2m=[0m200
[2m2026-04-07T22:06:51.189603Z[0m [32m INFO[0m [1mrequest[0m[1m{[0m[3mrequest_id[0m[2m=[0mecd6f19b-9722-42ec-a6fb-366d18062ab5 [3mmethod[0m[2m=[0mPOST [3muri[0m[2m=[0m/vote/validate-identity [3mversion[0m[2m=[0mHTTP/1.1[1m}[0m[2m:[0m [2mtower_http::trace::on_request[0m[2m:[0m started processing request
[2m2026-04-07T22:06:51.190922Z[0m [32m INFO[0m [1mrequest[0m[1m{[0m[3mrequest_id[0m[2m=[0mecd6f19b-9722-42ec-a6fb-366d18062ab5 [3mmethod[0m[2m=[0mPOST [3muri[0m[2m=[0m/vote/validate-identity [3mversion[0m[2m=[0mHTTP/1.1[1m}[0m[2m:[0m [2msolesigner::api::vote[0m[2m:[0m Identity validated, nullifier generated [3melection_id[0m[2m=[0md43416db-8a11-4e57-bc00-5f160b887843 [3mdocument_number_hash[0m[2m=[0me75f138907fe6dc16a6dee8981d450433db661f295633084799a982c5bce907f
[2m2026-04-07T22:06:51.191426Z[0m [32m INFO[0m [1mrequest[0m[1m{[0m[3mrequest_id[0m[2m=[0mecd6f19b-9722-42ec-a6fb-366d18062ab5 [3mmethod[0m[2m=[0mPOST [3muri[0m[2m=[0m/vote/validate-identity [3mversion[0m[2m=[0mHTTP/1.1[1m}[0m[2m:[0m [2mtower_http::trace::on_response[0m[2m:[0m finished processing request [3mlatency[0m[2m=[0m1 ms [3mstatus[0m[2m=[0m200
[2m2026-04-07T22:06:51.193159Z[0m [32m INFO[0m [1mrequest[0m[1m{[0m[3mrequest_id[0m[2m=[0md1a4fcc8-3e9e-4cc3-aa9b-c2c75365c8e3 [3mmethod[0m[2m=[0mPOST [3muri[0m[2m=[0m/vote/validate-identity [3mversion[0m[2m=[0mHTTP/1.1[1m}[0m[2m:[0m [2mtower_http::trace::on_request[0m[2m:[0m started processing request
[2m2026-04-07T22:06:51.194879Z[0m [32m INFO[0m [1mrequest[0m[1m{[0m[3mrequest_id[0m[2m=[0md1a4fcc8-3e9e-4cc3-aa9b-c2c75365c8e3 [3mmethod[0m[2m=[0mPOST [3muri[0m[2m=[0m/vote/validate-identity [3mversion[0m[2m=[0mHTTP/1.1[1m}[0m[2m:[0m [2msolesigner::api::vote[0m[2m:[0m Identity validated, nullifier generated [3melection_id[0m[2m=[0md43416db-8a11-4e57-bc00-5f160b887843 [3mdocument_number_hash[0m[2m=[0m057d5894c6c474f1ad5171d74df88d17e174668e04924fda8b7dee9c387f2032
[2m2026-04-07T22:06:51.195429Z[0m [32m INFO[0m [1mrequest[0m[1m{[0m[3mrequest_id[0m[2m=[0md1a4fcc8-3e9e-4cc3-aa9b-c2c75365c8e3 [3mmethod[0m[2m=[0mPOST [3muri[0m[2m=[0m/vote/validate-identity [3mversion[0m[2m=[0mHTTP/1.1[1m}[0m[2m:[0m [2mtower_http::trace::on_response[0m[2m:[0m finished processing request [3mlatency[0m[2m=[0m2 ms [3mstatus[0m[2m=[0m200
[2m2026-04-07T22:06:51.197088Z[0m [32m INFO[0m [1mrequest[0m[1m{[0m[3mrequest_id[0m[2m=[0mf66e32be-6022-458a-83fe-1e734a0e506e [3mmethod[0m[2m=[0mPOST [3muri[0m[2m=[0m/vote/validate-identity [3mversion[0m[2m=[0mHTTP/1.1[1m}[0m[2m:[0m [2mtower_http::trace::on_request[0m[2m:[0m started processing request
[2m2026-04-07T22:06:51.198557Z[0m [32m INFO[0m [1mrequest[0m[1m{[0m[3mrequest_id[0m[2m=[0mf66e32be-6022-458a-83fe-1e734a0e506e [3mmethod[0m[2m=[0mPOST [3muri[0m[2m=[0m/vote/validate-identity [3mversion[0m[2m=[0mHTTP/1.1[1m}[0m[2m:[0m [2msolesigner::api::vote[0m[2m:[0m Identity validated, nullifier generated [3melection_id[0m[2m=[0md43416db-8a11-4e57-bc00-5f160b887843 [3mdocument_number_hash[0m[2m=[0m7c3c03ca8f3a33561478b09bfb1ede0b2708e387e03ba5143343c16370ba1403
[2m2026-04-07T22:06:51.199224Z[0m [32m INFO[0m [1mrequest[0m[1m{[0m[3mrequest_id[0m[2m=[0mf66e32be-6022-458a-83fe-1e734a0e506e [3mmethod[0m[2m=[0mPOST [3muri[0m[2m=[0m/vote/validate-identity [3mversion[0m[2m=[0mHTTP/1.1[1m}[0m[2m:[0m [2mtower_http::trace::on_response[0m[2m:[0m finished processing request [3mlatency[0m[2m=[0m2 ms [3mstatus[0m[2m=[0m200
[2m2026-04-07T22:06:51.201450Z[0m [32m INFO[0m [1mrequest[0m[1m{[0m[3mrequest_id[0m[2m=[0m7d4d741a-fdfe-49a7-9f9d-daac18f0d473 [3mmethod[0m[2m=[0mPOST [3muri[0m[2m=[0m/vote/validate-identity [3mversion[0m[2m=[0mHTTP/1.1[1m}[0m[2m:[0m [2mtower_http::trace::on_request[0m[2m:[0m started processing request
[2m2026-04-07T22:06:51.203142Z[0m [32m INFO[0m [1mrequest[0m[1m{[0m[3mrequest_id[0m[2m=[0m7d4d741a-fdfe-49a7-9f9d-daac18f0d473 [3mmethod[0m[2m=[0mPOST [3muri[0m[2m=[0m/vote/validate-identity [3mversion[0m[2m=[0mHTTP/1.1[1m}[0m[2m:[0m [2msolesigner::api::vote[0m[2m:[0m Identity validated, nullifier generated [3melection_id[0m[2m=[0md43416db-8a11-4e57-bc00-5f160b887843 [3mdocument_number_hash[0m[2m=[0mbb6613239917f86796c3f8825a88afed78ab699a25b209c99834233695ce07fc
[2m2026-04-07T22:06:51.203802Z[0m [32m INFO[0m [1mrequest[0m[1m{[0m[3mrequest_id[0m[2m=[0m7d4d741a-fdfe-49a7-9f9d-daac18f0d473 [3mmethod[0m[2m=[0mPOST [3muri[0m[2m=[0m/vote/validate-identity [3mversion[0m[2m=[0mHTTP/1.1[1m}[0m[2m:[0m [2mtower_http::trace::on_response[0m[2m:[0m finished processing request [3mlatency[0m[2m=[0m2 ms [3mstatus[0m[2m=[0m200
[2m2026-04-07T22:06:51.205915Z[0m [32m INFO[0m [1mrequest[0m[1m{[0m[3mrequest_id[0m[2m=[0m5f40d41e-5835-4254-877c-681ecd6f4bff [3mmethod[0m[2m=[0mPOST [3muri[0m[2m=[0m/vote/validate-identity [3mversion[0m[2m=[0mHTTP/1.1[1m}[0m[2m:[0m [2mtower_http::trace::on_request[0m[2m:[0m started processing request
[2m2026-04-07T22:06:51.207412Z[0m [32m INFO[0m [1mrequest[0m[1m{[0m[3mrequest_id[0m[2m=[0m5f40d41e-5835-4254-877c-681ecd6f4bff [3mmethod[0m[2m=[0mPOST [3muri[0m[2m=[0m/vote/validate-identity [3mversion[0m[2m=[0mHTTP/1.1[1m}[0m[2m:[0m [2msolesigner::api::vote[0m[2m:[0m Identity validated, nullifier generated [3melection_id[0m[2m=[0md43416db-8a11-4e57-bc00-5f160b887843 [3mdocument_number_hash[0m[2m=[0m64a2d23ad0c098ad843f0ba87d99c60e9f9a1875b05ed2b7740cc223eb811918
[2m2026-04-07T22:06:51.208044Z[0m [32m INFO[0m [1mrequest[0m[1m{[0m[3mrequest_id[0m[2m=[0m5f40d41e-5835-4254-877c-681ecd6f4bff [3mmethod[0m[2m=[0mPOST [3muri[0m[2m=[0m/vote/validate-identity [3mversion[0m[2m=[0mHTTP/1.1[1m}[0m[2m:[0m [2mtower_http::trace::on_response[0m[2m:[0m finished processing request [3mlatency[0m[2m=[0m2 ms [3mstatus[0m[2m=[0m200
[2m2026-04-07T22:06:51.209840Z[0m [32m INFO[0m [1mrequest[0m[1m{[0m[3mrequest_id[0m[2m=[0me8b764d6-8bb0-44d4-968d-0291e4ff63eb [3mmethod[0m[2m=[0mPOST [3muri[0m[2m=[0m/vote/validate-identity [3mversion[0m[2m=[0mHTTP/1.1[1m}[0m[2m:[0m [2mtower_http::trace::on_request[0m[2m:[0m started processing request
[2m2026-04-07T22:06:51.211201Z[0m [32m INFO[0m [1mrequest[0m[1m{[0m[3mrequest_id[0m[2m=[0me8b764d6-8bb0-44d4-968d-0291e4ff63eb [3mmethod[0m[2m=[0mPOST [3muri[0m[2m=[0m/vote/validate-identity [3mversion[0m[2m=[0mHTTP/1.1[1m}[0m[2m:[0m [2msolesigner::api::vote[0m[2m:[0m Identity validated, nullifier generated [3melection_id[0m[2m=[0md43416db-8a11-4e57-bc00-5f160b887843 [3mdocument_number_hash[0m[2m=[0m2f86ced4b7a5d3b0625459edac23c30b04bbe572935b57014e2bd3bcad67d608
[2m2026-04-07T22:06:51.211587Z[0m [32m INFO[0m [1mrequest[0m[1m{[0m[3mrequest_id[0m[2m=[0me8b764d6-8bb0-44d4-968d-0291e4ff63eb [3mmethod[0m[2m=[0mPOST [3muri[0m[2m=[0m/vote/validate-identity [3mversion[0m[2m=[0mHTTP/1.1[1m}[0m[2m:[0m [2mtower_http::trace::on_response[0m[2m:[0m finished processing request [3mlatency[0m[2m=[0m1 ms [3mstatus[0m[2m=[0m200
[2m2026-04-07T22:06:51.213573Z[0m [32m INFO[0m [1mrequest[0m[1m{[0m[3mrequest_id[0m[2m=[0mbd0bebe6-5d4b-485f-b4ed-bbb3cfbd86d3 [3mmethod[0m[2m=[0mPOST [3muri[0m[2m=[0m/vote/validate-identity [3mversion[0m[2m=[0mHTTP/1.1[1m}[0m[2m:[0m [2mtower_http::trace::on_request[0m[2m:[0m started processing request
[2m2026-04-07T22:06:51.215716Z[0m [32m INFO[0m [1mrequest[0m[1m{[0m[3mrequest_id[0m[2m=[0mbd0bebe6-5d4b-485f-b4ed-bbb3cfbd86d3 [3mmethod[0m[2m=[0mPOST [3muri[0m[2m=[0m/vote/validate-identity [3mversion[0m[2m=[0mHTTP/1.1[1m}[0m[2m:[0m [2msolesigner::api::vote[0m[2m:[0m Identity validated, nullifier generated [3melection_id[0m[2m=[0md43416db-8a11-4e57-bc00-5f160b887843 [3mdocument_number_hash[0m[2m=[0mdeb893869fd7b069d7392fe86d6862635ec30bc57dd31bb8426c117fe16d31bd
[2m2026-04-07T22:06:51.216433Z[0m [32m INFO[0m [1mrequest[0m[1m{[0m[3mrequest_id[0m[2m=[0mbd0bebe6-5d4b-485f-b4ed-bbb3cfbd86d3 [3mmethod[0m[2m=[0mPOST [3muri[0m[2m=[0m/vote/validate-identity [3mversion[0m[2m=[0mHTTP/1.1[1m}[0m[2m:[0m [2mtower_http::trace::on_response[0m[2m:[0m finished processing request [3mlatency[0m[2m=[0m3 ms [3mstatus[0m[2m=[0m200
[2m2026-04-07T22:06:51.218406Z[0m [32m INFO[0m [1mrequest[0m[1m{[0m[3mrequest_id[0m[2m=[0m58923834-02d5-4427-a761-b6f071fe562c [3mmethod[0m[2m=[0mPOST [3muri[0m[2m=[0m/vote/validate-identity [3mversion[0m[2m=[0mHTTP/1.1[1m}[0m[2m:[0m [2mtower_http::trace::on_request[0m[2m:[0m started processing request
[2m2026-04-07T22:06:51.219832Z[0m [32m INFO[0m [1mrequest[0m[1m{[0m[3mrequest_id[0m[2m=[0m58923834-02d5-4427-a761-b6f071fe562c [3mmethod[0m[2m=[0mPOST [3muri[0m[2m=[0m/vote/validate-identity [3mversion[0m[2m=[0mHTTP/1.1[1m}[0m[2m:[0m [2msolesigner::api::vote[0m[2m:[0m Identity validated, nullifier generated [3melection_id[0m[2m=[0md43416db-8a11-4e57-bc00-5f160b887843 [3mdocument_number_hash[0m[2m=[0m16e32814ff7782a8641a7d81c83df43e85d6f39f532a06d0e4857edef0ecd617
[2m2026-04-07T22:06:51.220256Z[0m [32m INFO[0m [1mrequest[0m[1m{[0m[3mrequest_id[0m[2m=[0m58923834-02d5-4427-a761-b6f071fe562c [3mmethod[0m[2m=[0mPOST [3muri[0m[2m=[0m/vote/validate-identity [3mversion[0m[2m=[0mHTTP/1.1[1m}[0m[2m:[0m [2mtower_http::trace::on_response[0m[2m:[0m finished processing request [3mlatency[0m[2m=[0m1 ms [3mstatus[0m[2m=[0m200
[2m2026-04-07T22:06:51.222129Z[0m [32m INFO[0m [1mrequest[0m[1m{[0m[3mrequest_id[0m[2m=[0m45d414c5-273d-4577-bca3-2eddfd63ff48 [3mmethod[0m[2m=[0mPOST [3muri[0m[2m=[0m/vote/validate-identity [3mversion[0m[2m=[0mHTTP/1.1[1m}[0m[2m:[0m [2mtower_http::trace::on_request[0m[2m:[0m started processing request
[2m2026-04-07T22:06:51.223440Z[0m [32m INFO[0m [1mrequest[0m[1m{[0m[3mrequest_id[0m[2m=[0m45d414c5-273d-4577-bca3-2eddfd63ff48 [3mmethod[0m[2m=[0mPOST [3muri[0m[2m=[0m/vote/validate-identity [3mversion[0m[2m=[0mHTTP/1.1[1m}[0m[2m:[0m [2msolesigner::api::vote[0m[2m:[0m Identity validated, nullifier generated [3melection_id[0m[2m=[0md43416db-8a11-4e57-bc00-5f160b887843 [3mdocument_number_hash[0m[2m=[0mb3af29a4813f4f40c4f0dffb1ab8687a0400ea48ba51feffcc994dcd6dd753b2
[2m2026-04-07T22:06:51.223827Z[0m [32m INFO[0m [1mrequest[0m[1m{[0m[3mrequest_id[0m[2m=[0m45d414c5-273d-4577-bca3-2eddfd63ff48 [3mmethod[0m[2m=[0mPOST [3muri[0m[2m=[0m/vote/validate-identity [3mversion[0m[2m=[0mHTTP/1.1[1m}[0m[2m:[0m [2mtower_http::trace::on_response[0m[2m:[0m finished processing request [3mlatency[0m[2m=[0m1 ms [3mstatus[0m[2m=[0m200
[2m2026-04-07T22:06:51.225539Z[0m [32m INFO[0m [1mrequest[0m[1m{[0m[3mrequest_id[0m[2m=[0mc2236167-e0bd-437b-a7c4-2f9ad78d4428 [3mmethod[0m[2m=[0mPOST [3muri[0m[2m=[0m/vote/validate-identity [3mversion[0m[2m=[0mHTTP/1.1[1m}[0m[2m:[0m [2mtower_http::trace::on_request[0m[2m:[0m started processing request
[2m2026-04-07T22:06:51.226822Z[0m [32m INFO[0m [1mrequest[0m[1m{[0m[3mrequest_id[0m[2m=[0mc2236167-e0bd-437b-a7c4-2f9ad78d4428 [3mmethod[0m[2m=[0mPOST [3muri[0m[2m=[0m/vote/validate-identity [3mversion[0m[2m=[0mHTTP/1.1[1m}[0m[2m:[0m [2msolesigner::api::vote[0m[2m:[0m Identity validated, nullifier generated [3melection_id[0m[2m=[0md43416db-8a11-4e57-bc00-5f160b887843 [3mdocument_number_hash[0m[2m=[0m0927ac5849d8af542a1f904afd5b88934ce79e495e113be6fde888a6cc9403fb
[2m2026-04-07T22:06:51.227217Z[0m [32m INFO[0m [1mrequest[0m[1m{[0m[3mrequest_id[0m[2m=[0mc2236167-e0bd-437b-a7c4-2f9ad78d4428 [3mmethod[0m[2m=[0mPOST [3muri[0m[2m=[0m/vote/validate-identity [3mversion[0m[2m=[0mHTTP/1.1[1m}[0m[2m:[0m [2mtower_http::trace::on_response[0m[2m:[0m finished processing request [3mlatency[0m[2m=[0m1 ms [3mstatus[0m[2m=[0m200
[2m2026-04-07T22:06:51.229101Z[0m [32m INFO[0m [1mrequest[0m[1m{[0m[3mrequest_id[0m[2m=[0m32c51cb3-4407-470a-a9ec-df823336c972 [3mmethod[0m[2m=[0mPOST [3muri[0m[2m=[0m/vote/validate-identity [3mversion[0m[2m=[0mHTTP/1.1[1m}[0m[2m:[0m [2mtower_http::trace::on_request[0m[2m:[0m started processing request
[2m2026-04-07T22:06:51.230616Z[0m [32m INFO[0m [1mrequest[0m[1m{[0m[3mrequest_id[0m[2m=[0m32c51cb3-4407-470a-a9ec-df823336c972 [3mmethod[0m[2m=[0mPOST [3muri[0m[2m=[0m/vote/validate-identity [3mversion[0m[2m=[0mHTTP/1.1[1m}[0m[2m:[0m [2msolesigner::api::vote[0m[2m:[0m Identity validated, nullifier generated [3melection_id[0m[2m=[0md43416db-8a11-4e57-bc00-5f160b887843 [3mdocument_number_hash[0m[2m=[0mf712865ce018f6dbb55aa434902afce567d3241de29df075466892168e444f48
[2m2026-04-07T22:06:51.231086Z[0m [32m INFO[0m [1mrequest[0m[1m{[0m[3mrequest_id[0m[2m=[0m32c51cb3-4407-470a-a9ec-df823336c972 [3mmethod[0m[2m=[0mPOST [3muri[0m[2m=[0m/vote/validate-identity [3mversion[0m[2m=[0mHTTP/1.1[1m}[0m[2m:[0m [2mtower_http::trace::on_response[0m[2m:[0m finished processing request [3mlatency[0m[2m=[0m2 ms [3mstatus[0m[2m=[0m200
[2m2026-04-07T22:06:51.233152Z[0m [32m INFO[0m [1mrequest[0m[1m{[0m[3mrequest_id[0m[2m=[0m93630d6f-3c86-44d8-8838-b412f1829dbc [3mmethod[0m[2m=[0mPOST [3muri[0m[2m=[0m/vote/validate-identity [3mversion[0m[2m=[0mHTTP/1.1[1m}[0m[2m:[0m [2mtower_http::trace::on_request[0m[2m:[0m started processing request
[2m2026-04-07T22:06:51.234843Z[0m [32m INFO[0m [1mrequest[0m[1m{[0m[3mrequest_id[0m[2m=[0m93630d6f-3c86-44d8-8838-b412f1829dbc [3mmethod[0m[2m=[0mPOST [3muri[0m[2m=[0m/vote/validate-identity [3mversion[0m[2m=[0mHTTP/1.1[1m}[0m[2m:[0m [2msolesigner::api::vote[0m[2m:[0m Identity validated, nullifier generated [3melection_id[0m[2m=[0md43416db-8a11-4e57-bc00-5f160b887843 [3mdocument_number_hash[0m[2m=[0m84e1fe489cfe90fac16c7c026c00a4061a082d61131ab1806c3dcab118370796
[2m2026-04-07T22:06:51.235500Z[0m [32m INFO[0m [1mrequest[0m[1m{[0m[3mrequest_id[0m[2m=[0m93630d6f-3c86-44d8-8838-b412f1829dbc [3mmethod[0m[2m=[0mPOST [3muri[0m[2m=[0m/vote/validate-identity [3mversion[0m[2m=[0mHTTP/1.1[1m}[0m[2m:[0m [2mtower_http::trace::on_response[0m[2m:[0m finished processing request [3mlatency[0m[2m=[0m2 ms [3mstatus[0m[2m=[0m200
[2m2026-04-07T22:06:51.237485Z[0m [32m INFO[0m [1mrequest[0m[1m{[0m[3mrequest_id[0m[2m=[0m57707e6e-cf4a-45dd-ad5f-c34bae3a7400 [3mmethod[0m[2m=[0mPOST [3muri[0m[2m=[0m/vote/validate-identity [3mversion[0m[2m=[0mHTTP/1.1[1m}[0m[2m:[0m [2mtower_http::trace::on_request[0m[2m:[0m started processing request
[2m2026-04-07T22:06:51.239089Z[0m [32m INFO[0m [1mrequest[0m[1m{[0m[3mrequest_id[0m[2m=[0m57707e6e-cf4a-45dd-ad5f-c34bae3a7400 [3mmethod[0m[2m=[0mPOST [3muri[0m[2m=[0m/vote/validate-identity [3mversion[0m[2m=[0mHTTP/1.1[1m}[0m[2m:[0m [2msolesigner::api::vote[0m[2m:[0m Identity validated, nullifier generated [3melection_id[0m[2m=[0md43416db-8a11-4e57-bc00-5f160b887843 [3mdocument_number_hash[0m[2m=[0m6f551756c1b19ae78a270c6a116ce5fbcea2f9281e71f37ee560ba25a73d8241
[2m2026-04-07T22:06:51.239718Z[0m [32m INFO[0m [1mrequest[0m[1m{[0m[3mrequest_id[0m[2m=[0m57707e6e-cf4a-45dd-ad5f-c34bae3a7400 [3mmethod[0m[2m=[0mPOST [3muri[0m[2m=[0m/vote/validate-identity [3mversion[0m[2m=[0mHTTP/1.1[1m}[0m[2m:[0m [2mtower_http::trace::on_response[0m[2m:[0m finished processing request [3mlatency[0m[2m=[0m2 ms [3mstatus[0m[2m=[0m200
[2m2026-04-07T22:06:51.241305Z[0m [32m INFO[0m [1mrequest[0m[1m{[0m[3mrequest_id[0m[2m=[0mf11ba8ff-6617-460d-a5b6-3281f528eb70 [3mmethod[0m[2m=[0mPOST [3muri[0m[2m=[0m/vote/validate-identity [3mversion[0m[2m=[0mHTTP/1.1[1m}[0m[2m:[0m [2mtower_http::trace::on_request[0m[2m:[0m started processing request
[2m2026-04-07T22:06:51.242575Z[0m [32m INFO[0m [1mrequest[0m[1m{[0m[3mrequest_id[0m[2m=[0mf11ba8ff-6617-460d-a5b6-3281f528eb70 [3mmethod[0m[2m=[0mPOST [3muri[0m[2m=[0m/vote/validate-identity [3mversion[0m[2m=[0mHTTP/1.1[1m}[0m[2m:[0m [2msolesigner::api::vote[0m[2m:[0m Identity validated, nullifier generated [3melection_id[0m[2m=[0md43416db-8a11-4e57-bc00-5f160b887843 [3mdocument_number_hash[0m[2m=[0m108e89a8a25829fd7004546b310e80587247d587e6fbab156fcb831f27fb6dc5
[2m2026-04-07T22:06:51.243203Z[0m [32m INFO[0m [1mrequest[0m[1m{[0m[3mrequest_id[0m[2m=[0mf11ba8ff-6617-460d-a5b6-3281f528eb70 [3mmethod[0m[2m=[0mPOST [3muri[0m[2m=[0m/vote/validate-identity [3mversion[0m[2m=[0mHTTP/1.1[1m}[0m[2m:[0m [2mtower_http::trace::on_response[0m[2m:[0m finished processing request [3mlatency[0m[2m=[0m1 ms [3mstatus[0m[2m=[0m200
[2m2026-04-07T22:06:51.244974Z[0m [32m INFO[0m [1mrequest[0m[1m{[0m[3mrequest_id[0m[2m=[0ma0945965-28b2-4a9c-8f6c-deb6a6c4576f [3mmethod[0m[2m=[0mPOST [3muri[0m[2m=[0m/vote/validate-identity [3mversion[0m[2m=[0mHTTP/1.1[1m}[0m[2m:[0m [2mtower_http::trace::on_request[0m[2m:[0m started processing request
[2m2026-04-07T22:06:51.246882Z[0m [32m INFO[0m [1mrequest[0m[1m{[0m[3mrequest_id[0m[2m=[0ma0945965-28b2-4a9c-8f6c-deb6a6c4576f [3mmethod[0m[2m=[0mPOST [3muri[0m[2m=[0m/vote/validate-identity [3mversion[0m[2m=[0mHTTP/1.1[1m}[0m[2m:[0m [2msolesigner::api::vote[0m[2m:[0m Identity validated, nullifier generated [3melection_id[0m[2m=[0md43416db-8a11-4e57-bc00-5f160b887843 [3mdocument_number_hash[0m[2m=[0mf03f2754ee2140eaa8816effa2b067e2aa9cf27b865a71e83bcb44c9c9f8c73b
[2m2026-04-07T22:06:51.247711Z[0m [32m INFO[0m [1mrequest[0m[1m{[0m[3mrequest_id[0m[2m=[0ma0945965-28b2-4a9c-8f6c-deb6a6c4576f [3mmethod[0m[2m=[0mPOST [3muri[0m[2m=[0m/vote/validate-identity [3mversion[0m[2m=[0mHTTP/1.1[1m}[0m[2m:[0m [2mtower_http::trace::on_response[0m[2m:[0m finished processing request [3mlatency[0m[2m=[0m2 ms [3mstatus[0m[2m=[0m200
[2m2026-04-07T22:06:51.249948Z[0m [32m INFO[0m [1mrequest[0m[1m{[0m[3mrequest_id[0m[2m=[0m55d1965b-f960-42d6-a9cb-f2b81687ed28 [3mmethod[0m[2m=[0mPOST [3muri[0m[2m=[0m/vote/validate-identity [3mversion[0m[2m=[0mHTTP/1.1[1m}[0m[2m:[0m [2mtower_http::trace::on_request[0m[2m:[0m started processing request
[2m2026-04-07T22:06:51.251661Z[0m [32m INFO[0m [1mrequest[0m[1m{[0m[3mrequest_id[0m[2m=[0m55d1965b-f960-42d6-a9cb-f2b81687ed28 [3mmethod[0m[2m=[0mPOST [3muri[0m[2m=[0m/vote/validate-identity [3mversion[0m[2m=[0mHTTP/1.1[1m}[0m[2m:[0m [2msolesigner::api::vote[0m[2m:[0m Identity validated, nullifier generated [3melection_id[0m[2m=[0md43416db-8a11-4e57-bc00-5f160b887843 [3mdocument_number_hash[0m[2m=[0m1a3292b1e29e644c275062618e99e021e9fc66d3be109f7a58861766d7e08fa5
[2m2026-04-07T22:06:51.252301Z[0m [32m INFO[0m [1mrequest[0m[1m{[0m[3mrequest_id[0m[2m=[0m55d1965b-f960-42d6-a9cb-f2b81687ed28 [3mmethod[0m[2m=[0mPOST [3muri[0m[2m=[0m/vote/validate-identity [3mversion[0m[2m=[0mHTTP/1.1[1m}[0m[2m:[0m [2mtower_http::trace::on_response[0m[2m:[0m finished processing request [3mlatency[0m[2m=[0m2 ms [3mstatus[0m[2m=[0m200
[2m2026-04-07T22:06:51.253988Z[0m [32m INFO[0m [1mrequest[0m[1m{[0m[3mrequest_id[0m[2m=[0m29095364-468c-4413-a6ee-76cf0b188ae0 [3mmethod[0m[2m=[0mPOST [3muri[0m[2m=[0m/vote/validate-identity [3mversion[0m[2m=[0mHTTP/1.1[1m}[0m[2m:[0m [2mtower_http::trace::on_request[0m[2m:[0m started processing request
[2m2026-04-07T22:06:51.255603Z[0m [32m INFO[0m [1mrequest[0m[1m{[0m[3mrequest_id[0m[2m=[0m29095364-468c-4413-a6ee-76cf0b188ae0 [3mmethod[0m[2m=[0mPOST [3muri[0m[2m=[0m/vote/validate-identity [3mversion[0m[2m=[0mHTTP/1.1[1m}[0m[2m:[0m [2msolesigner::api::vote[0m[2m:[0m Identity validated, nullifier generated [3melection_id[0m[2m=[0md43416db-8a11-4e57-bc00-5f160b887843 [3mdocument_number_hash[0m[2m=[0ma711c0d1f979b70ac83ab20e4630ca4eeefc856478b47b24fa74a32a563ac366
[2m2026-04-07T22:06:51.256252Z[0m [32m INFO[0m [1mrequest[0m[1m{[0m[3mrequest_id[0m[2m=[0m29095364-468c-4413-a6ee-76cf0b188ae0 [3mmethod[0m[2m=[0mPOST [3muri[0m[2m=[0m/vote/validate-identity [3mversion[0m[2m=[0mHTTP/1.1[1m}[0m[2m:[0m [2mtower_http::trace::on_response[0m[2m:[0m finished processing request [3mlatency[0m[2m=[0m2 ms [3mstatus[0m[2m=[0m200
[2m2026-04-07T22:06:51.257894Z[0m [32m INFO[0m [1mrequest[0m[1m{[0m[3mrequest_id[0m[2m=[0m1435799c-c7a1-4cde-923f-3e7f2054250e [3mmethod[0m[2m=[0mPOST [3muri[0m[2m=[0m/vote/validate-identity [3mversion[0m[2m=[0mHTTP/1.1[1m}[0m[2m:[0m [2mtower_http::trace::on_request[0m[2m:[0m started processing request
[2m2026-04-07T22:06:51.259464Z[0m [32m INFO[0m [1mrequest[0m[1m{[0m[3mrequest_id[0m[2m=[0m1435799c-c7a1-4cde-923f-3e7f2054250e [3mmethod[0m[2m=[0mPOST [3muri[0m[2m=[0m/vote/validate-identity [3mversion[0m[2m=[0mHTTP/1.1[1m}[0m[2m:[0m [2msolesigner::api::vote[0m[2m:[0m Identity validated, nullifier generated [3melection_id[0m[2m=[0md43416db-8a11-4e57-bc00-5f160b887843 [3mdocument_number_hash[0m[2m=[0m4f5328647ec6366d65630cb82d118c4fee2fde1065b4bb6bfc4cadfaa85ccca7
[2m2026-04-07T22:06:51.260117Z[0m [32m INFO[0m [1mrequest[0m[1m{[0m[3mrequest_id[0m[2m=[0m1435799c-c7a1-4cde-923f-3e7f2054250e [3mmethod[0m[2m=[0mPOST [3muri[0m[2m=[0m/vote/validate-identity [3mversion[0m[2m=[0mHTTP/1.1[1m}[0m[2m:[0m [2mtower_http::trace::on_response[0m[2m:[0m finished processing request [3mlatency[0m[2m=[0m2 ms [3mstatus[0m[2m=[0m200
[2m2026-04-07T22:06:51.262081Z[0m [32m INFO[0m [1mrequest[0m[1m{[0m[3mrequest_id[0m[2m=[0m52bdfffc-4563-4cec-8d78-d73694acb198 [3mmethod[0m[2m=[0mPOST [3muri[0m[2m=[0m/vote/validate-identity [3mversion[0m[2m=[0mHTTP/1.1[1m}[0m[2m:[0m [2mtower_http::trace::on_request[0m[2m:[0m started processing request
[2m2026-04-07T22:06:51.264088Z[0m [32m INFO[0m [1mrequest[0m[1m{[0m[3mrequest_id[0m[2m=[0m52bdfffc-4563-4cec-8d78-d73694acb198 [3mmethod[0m[2m=[0mPOST [3muri[0m[2m=[0m/vote/validate-identity [3mversion[0m[2m=[0mHTTP/1.1[1m}[0m[2m:[0m [2msolesigner::api::vote[0m[2m:[0m Identity validated, nullifier generated [3melection_id[0m[2m=[0md43416db-8a11-4e57-bc00-5f160b887843 [3mdocument_number_hash[0m[2m=[0m630126d670e5883a9a04913ab278abcf4751f3db6f5166101ed5ea6fa5399567
[2m2026-04-07T22:06:51.264763Z[0m [32m INFO[0m [1mrequest[0m[1m{[0m[3mrequest_id[0m[2m=[0m52bdfffc-4563-4cec-8d78-d73694acb198 [3mmethod[0m[2m=[0mPOST [3muri[0m[2m=[0m/vote/validate-identity [3mversion[0m[2m=[0mHTTP/1.1[1m}[0m[2m:[0m [2mtower_http::trace::on_response[0m[2m:[0m finished processing request [3mlatency[0m[2m=[0m2 ms [3mstatus[0m[2m=[0m200
[2m2026-04-07T22:06:51.266870Z[0m [32m INFO[0m [1mrequest[0m[1m{[0m[3mrequest_id[0m[2m=[0m57ec8ab4-fab3-47f5-ba90-8e6fbc8f6cd8 [3mmethod[0m[2m=[0mPOST [3muri[0m[2m=[0m/vote/validate-identity [3mversion[0m[2m=[0mHTTP/1.1[1m}[0m[2m:[0m [2mtower_http::trace::on_request[0m[2m:[0m started processing request
[2m2026-04-07T22:06:51.268541Z[0m [32m INFO[0m [1mrequest[0m[1m{[0m[3mrequest_id[0m[2m=[0m57ec8ab4-fab3-47f5-ba90-8e6fbc8f6cd8 [3mmethod[0m[2m=[0mPOST [3muri[0m[2m=[0m/vote/validate-identity [3mversion[0m[2m=[0mHTTP/1.1[1m}[0m[2m:[0m [2msolesigner::api::vote[0m[2m:[0m Identity validated, nullifier generated [3melection_id[0m[2m=[0md43416db-8a11-4e57-bc00-5f160b887843 [3mdocument_number_hash[0m[2m=[0m1388a61b356e8762dc50738ee154974be22f10be53fe30874ff0e4f5c5998a0f
[2m2026-04-07T22:06:51.269159Z[0m [32m INFO[0m [1mrequest[0m[1m{[0m[3mrequest_id[0m[2m=[0m57ec8ab4-fab3-47f5-ba90-8e6fbc8f6cd8 [3mmethod[0m[2m=[0mPOST [3muri[0m[2m=[0m/vote/validate-identity [3mversion[0m[2m=[0mHTTP/1.1[1m}[0m[2m:[0m [2mtower_http::trace::on_response[0m[2m:[0m finished processing request [3mlatency[0m[2m=[0m2 ms [3mstatus[0m[2m=[0m200
[2m2026-04-07T22:06:51.270759Z[0m [32m INFO[0m [1mrequest[0m[1m{[0m[3mrequest_id[0m[2m=[0m7da7531e-c43f-4db0-aeb6-22fbfea2786e [3mmethod[0m[2m=[0mPOST [3muri[0m[2m=[0m/vote/validate-identity [3mversion[0m[2m=[0mHTTP/1.1[1m}[0m[2m:[0m [2mtower_http::trace::on_request[0m[2m:[0m started processing request
[2m2026-04-07T22:06:51.272259Z[0m [32m INFO[0m [1mrequest[0m[1m{[0m[3mrequest_id[0m[2m=[0m7da7531e-c43f-4db0-aeb6-22fbfea2786e [3mmethod[0m[2m=[0mPOST [3muri[0m[2m=[0m/vote/validate-identity [3mversion[0m[2m=[0mHTTP/1.1[1m}[0m[2m:[0m [2msolesigner::api::vote[0m[2m:[0m Identity validated, nullifier generated [3melection_id[0m[2m=[0md43416db-8a11-4e57-bc00-5f160b887843 [3mdocument_number_hash[0m[2m=[0mdc347718349ad2de30cecd7443083f1ea0612c9ba10367f32260978f592582fd
[2m2026-04-07T22:06:51.272900Z[0m [32m INFO[0m [1mrequest[0m[1m{[0m[3mrequest_id[0m[2m=[0m7da7531e-c43f-4db0-aeb6-22fbfea2786e [3mmethod[0m[2m=[0mPOST [3muri[0m[2m=[0m/vote/validate-identity [3mversion[0m[2m=[0mHTTP/1.1[1m}[0m[2m:[0m [2mtower_http::trace::on_response[0m[2m:[0m finished processing request [3mlatency[0m[2m=[0m2 ms [3mstatus[0m[2m=[0m200
[2m2026-04-07T22:06:51.274272Z[0m [32m INFO[0m [1mrequest[0m[1m{[0m[3mrequest_id[0m[2m=[0me4bfa657-a32d-4996-8c4d-72eebf5d8572 [3mmethod[0m[2m=[0mPOST [3muri[0m[2m=[0m/vote/validate-identity [3mversion[0m[2m=[0mHTTP/1.1[1m}[0m[2m:[0m [2mtower_http::trace::on_request[0m[2m:[0m started processing request
[2m2026-04-07T22:06:51.275628Z[0m [32m INFO[0m [1mrequest[0m[1m{[0m[3mrequest_id[0m[2m=[0me4bfa657-a32d-4996-8c4d-72eebf5d8572 [3mmethod[0m[2m=[0mPOST [3muri[0m[2m=[0m/vote/validate-identity [3mversion[0m[2m=[0mHTTP/1.1[1m}[0m[2m:[0m [2msolesigner::api::vote[0m[2m:[0m Identity validated, nullifier generated [3melection_id[0m[2m=[0md43416db-8a11-4e57-bc00-5f160b887843 [3mdocument_number_hash[0m[2m=[0m9540cf1d804bcd33ca0d4eec39fe74cf48966eea42ed8dc9707deec5d2bd5ba0
[2m2026-04-07T22:06:51.276147Z[0m [32m INFO[0m [1mrequest[0m[1m{[0m[3mrequest_id[0m[2m=[0me4bfa657-a32d-4996-8c4d-72eebf5d8572 [3mmethod[0m[2m=[0mPOST [3muri[0m[2m=[0m/vote/validate-identity [3mversion[0m[2m=[0mHTTP/1.1[1m}[0m[2m:[0m [2mtower_http::trace::on_response[0m[2m:[0m finished processing request [3mlatency[0m[2m=[0m1 ms [3mstatus[0m[2m=[0m200
[2m2026-04-07T22:06:51.277673Z[0m [32m INFO[0m [1mrequest[0m[1m{[0m[3mrequest_id[0m[2m=[0m48e29ba2-aecb-4b0e-ad61-5950945ba0d5 [3mmethod[0m[2m=[0mPOST [3muri[0m[2m=[0m/vote/validate-identity [3mversion[0m[2m=[0mHTTP/1.1[1m}[0m[2m:[0m [2mtower_http::trace::on_request[0m[2m:[0m started processing request
[2m2026-04-07T22:06:51.279172Z[0m [32m INFO[0m [1mrequest[0m[1m{[0m[3mrequest_id[0m[2m=[0m48e29ba2-aecb-4b0e-ad61-5950945ba0d5 [3mmethod[0m[2m=[0mPOST [3muri[0m[2m=[0m/vote/validate-identity [3mversion[0m[2m=[0mHTTP/1.1[1m}[0m[2m:[0m [2msolesigner::api::vote[0m[2m:[0m Identity validated, nullifier generated [3melection_id[0m[2m=[0md43416db-8a11-4e57-bc00-5f160b887843 [3mdocument_number_hash[0m[2m=[0me3e1b2b5d0f67380378f4ab380e6279906f92655bf283fd7c06018ce81349b71
[2m2026-04-07T22:06:51.279813Z[0m [32m INFO[0m [1mrequest[0m[1m{[0m[3mrequest_id[0m[2m=[0m48e29ba2-aecb-4b0e-ad61-5950945ba0d5 [3mmethod[0m[2m=[0mPOST [3muri[0m[2m=[0m/vote/validate-identity [3mversion[0m[2m=[0mHTTP/1.1[1m}[0m[2m:[0m [2mtower_http::trace::on_response[0m[2m:[0m finished processing request [3mlatency[0m[2m=[0m2 ms [3mstatus[0m[2m=[0m200
[2m2026-04-07T22:06:51.282192Z[0m [32m INFO[0m [1mrequest[0m[1m{[0m[3mrequest_id[0m[2m=[0md338e21b-0f34-4a0e-82b0-449ee11d03cf [3mmethod[0m[2m=[0mPOST [3muri[0m[2m=[0m/vote/validate-identity [3mversion[0m[2m=[0mHTTP/1.1[1m}[0m[2m:[0m [2mtower_http::trace::on_request[0m[2m:[0m started processing request
[2m2026-04-07T22:06:51.284060Z[0m [32m INFO[0m [1mrequest[0m[1m{[0m[3mrequest_id[0m[2m=[0md338e21b-0f34-4a0e-82b0-449ee11d03cf [3mmethod[0m[2m=[0mPOST [3muri[0m[2m=[0m/vote/validate-identity [3mversion[0m[2m=[0mHTTP/1.1[1m}[0m[2m:[0m [2msolesigner::api::vote[0m[2m:[0m Identity validated, nullifier generated [3melection_id[0m[2m=[0md43416db-8a11-4e57-bc00-5f160b887843 [3mdocument_number_hash[0m[2m=[0m9842ff986ab5344805951b96c148cb0fd9416a7c725746e012f1b4ad034fa4e8
[2m2026-04-07T22:06:51.284685Z[0m [32m INFO[0m [1mrequest[0m[1m{[0m[3mrequest_id[0m[2m=[0md338e21b-0f34-4a0e-82b0-449ee11d03cf [3mmethod[0m[2m=[0mPOST [3muri[0m[2m=[0m/vote/validate-identity [3mversion[0m[2m=[0mHTTP/1.1[1m}[0m[2m:[0m [2mtower_http::trace::on_response[0m[2m:[0m finished processing request [3mlatency[0m[2m=[0m2 ms [3mstatus[0m[2m=[0m200
[2m2026-04-07T22:06:51.286600Z[0m [32m INFO[0m [1mrequest[0m[1m{[0m[3mrequest_id[0m[2m=[0m99362641-a11a-47c7-a548-b09ba2c193c2 [3mmethod[0m[2m=[0mPOST [3muri[0m[2m=[0m/vote/validate-identity [3mversion[0m[2m=[0mHTTP/1.1[1m}[0m[2m:[0m [2mtower_http::trace::on_request[0m[2m:[0m started processing request
[2m2026-04-07T22:06:51.288301Z[0m [32m INFO[0m [1mrequest[0m[1m{[0m[3mrequest_id[0m[2m=[0m99362641-a11a-47c7-a548-b09ba2c193c2 [3mmethod[0m[2m=[0mPOST [3muri[0m[2m=[0m/vote/validate-identity [3mversion[0m[2m=[0mHTTP/1.1[1m}[0m[2m:[0m [2msolesigner::api::vote[0m[2m:[0m Identity validated, nullifier generated [3melection_id[0m[2m=[0md43416db-8a11-4e57-bc00-5f160b887843 [3mdocument_number_hash[0m[2m=[0m6552ff906f21dafb25d258fdebe910877c276218dfd34ba51b58965ab2a2243e
[2m2026-04-07T22:06:51.288998Z[0m [32m INFO[0m [1mrequest[0m[1m{[0m[3mrequest_id[0m[2m=[0m99362641-a11a-47c7-a548-b09ba2c193c2 [3mmethod[0m[2m=[0mPOST [3muri[0m[2m=[0m/vote/validate-identity [3mversion[0m[2m=[0mHTTP/1.1[1m}[0m[2m:[0m [2mtower_http::trace::on_response[0m[2m:[0m finished processing request [3mlatency[0m[2m=[0m2 ms [3mstatus[0m[2m=[0m200
[2m2026-04-07T22:06:51.290783Z[0m [32m INFO[0m [1mrequest[0m[1m{[0m[3mrequest_id[0m[2m=[0m98091749-0398-43b9-bad7-6df3296bdf21 [3mmethod[0m[2m=[0mPOST [3muri[0m[2m=[0m/vote/validate-identity [3mversion[0m[2m=[0mHTTP/1.1[1m}[0m[2m:[0m [2mtower_http::trace::on_request[0m[2m:[0m started processing request
[2m2026-04-07T22:06:51.292353Z[0m [32m INFO[0m [1mrequest[0m[1m{[0m[3mrequest_id[0m[2m=[0m98091749-0398-43b9-bad7-6df3296bdf21 [3mmethod[0m[2m=[0mPOST [3muri[0m[2m=[0m/vote/validate-identity [3mversion[0m[2m=[0mHTTP/1.1[1m}[0m[2m:[0m [2msolesigner::api::vote[0m[2m:[0m Identity validated, nullifier generated [3melection_id[0m[2m=[0md43416db-8a11-4e57-bc00-5f160b887843 [3mdocument_number_hash[0m[2m=[0m9f4d878395a49d6a6c1ad385a4089bcdf404c9e762e90eb0b18ac986c32101b2
[2m2026-04-07T22:06:51.292901Z[0m [32m INFO[0m [1mrequest[0m[1m{[0m[3mrequest_id[0m[2m=[0m98091749-0398-43b9-bad7-6df3296bdf21 [3mmethod[0m[2m=[0mPOST [3muri[0m[2m=[0m/vote/validate-identity [3mversion[0m[2m=[0mHTTP/1.1[1m}[0m[2m:[0m [2mtower_http::trace::on_response[0m[2m:[0m finished processing request [3mlatency[0m[2m=[0m2 ms [3mstatus[0m[2m=[0m200
[2m2026-04-07T22:06:51.294526Z[0m [32m INFO[0m [1mrequest[0m[1m{[0m[3mrequest_id[0m[2m=[0m64e33b69-7e40-4317-b7f3-be41fd914368 [3mmethod[0m[2m=[0mPOST [3muri[0m[2m=[0m/vote/validate-identity [3mversion[0m[2m=[0mHTTP/1.1[1m}[0m[2m:[0m [2mtower_http::trace::on_request[0m[2m:[0m started processing request
[2m2026-04-07T22:06:51.296162Z[0m [32m INFO[0m [1mrequest[0m[1m{[0m[3mrequest_id[0m[2m=[0m64e33b69-7e40-4317-b7f3-be41fd914368 [3mmethod[0m[2m=[0mPOST [3muri[0m[2m=[0m/vote/validate-identity [3mversion[0m[2m=[0mHTTP/1.1[1m}[0m[2m:[0m [2msolesigner::api::vote[0m[2m:[0m Identity validated, nullifier generated [3melection_id[0m[2m=[0md43416db-8a11-4e57-bc00-5f160b887843 [3mdocument_number_hash[0m[2m=[0m81d6301f59587bbf74f811598c66d6ee85c085247fadabaaea06be3432e00fac
[2m2026-04-07T22:06:51.296856Z[0m [32m INFO[0m [1mrequest[0m[1m{[0m[3mrequest_id[0m[2m=[0m64e33b69-7e40-4317-b7f3-be41fd914368 [3mmethod[0m[2m=[0mPOST [3muri[0m[2m=[0m/vote/validate-identity [3mversion[0m[2m=[0mHTTP/1.1[1m}[0m[2m:[0m [2mtower_http::trace::on_response[0m[2m:[0m finished processing request [3mlatency[0m[2m=[0m2 ms [3mstatus[0m[2m=[0m200
[2m2026-04-07T22:06:51.299067Z[0m [32m INFO[0m [1mrequest[0m[1m{[0m[3mrequest_id[0m[2m=[0m02c45450-91c8-4791-a3fc-84a552d5bb91 [3mmethod[0m[2m=[0mPOST [3muri[0m[2m=[0m/vote/validate-identity [3mversion[0m[2m=[0mHTTP/1.1[1m}[0m[2m:[0m [2mtower_http::trace::on_request[0m[2m:[0m started processing request
[2m2026-04-07T22:06:51.300923Z[0m [32m INFO[0m [1mrequest[0m[1m{[0m[3mrequest_id[0m[2m=[0m02c45450-91c8-4791-a3fc-84a552d5bb91 [3mmethod[0m[2m=[0mPOST [3muri[0m[2m=[0m/vote/validate-identity [3mversion[0m[2m=[0mHTTP/1.1[1m}[0m[2m:[0m [2msolesigner::api::vote[0m[2m:[0m Identity validated, nullifier generated [3melection_id[0m[2m=[0md43416db-8a11-4e57-bc00-5f160b887843 [3mdocument_number_hash[0m[2m=[0me4f454f1ac32881a861649152de5de7987106f3432e24378276f7421ee26e7fd
[2m2026-04-07T22:06:51.301593Z[0m [32m INFO[0m [1mrequest[0m[1m{[0m[3mrequest_id[0m[2m=[0m02c45450-91c8-4791-a3fc-84a552d5bb91 [3mmethod[0m[2m=[0mPOST [3muri[0m[2m=[0m/vote/validate-identity [3mversion[0m[2m=[0mHTTP/1.1[1m}[0m[2m:[0m [2mtower_http::trace::on_response[0m[2m:[0m finished processing request [3mlatency[0m[2m=[0m2 ms [3mstatus[0m[2m=[0m200
[2m2026-04-07T22:06:51.303581Z[0m [32m INFO[0m [1mrequest[0m[1m{[0m[3mrequest_id[0m[2m=[0m118b0e75-56dd-49b9-958e-aeb9d219cc2b [3mmethod[0m[2m=[0mPOST [3muri[0m[2m=[0m/vote/validate-identity [3mversion[0m[2m=[0mHTTP/1.1[1m}[0m[2m:[0m [2mtower_http::trace::on_request[0m[2m:[0m started processing request
[2m2026-04-07T22:06:51.304841Z[0m [32m INFO[0m [1mrequest[0m[1m{[0m[3mrequest_id[0m[2m=[0m118b0e75-56dd-49b9-958e-aeb9d219cc2b [3mmethod[0m[2m=[0mPOST [3muri[0m[2m=[0m/vote/validate-identity [3mversion[0m[2m=[0mHTTP/1.1[1m}[0m[2m:[0m [2msolesigner::api::vote[0m[2m:[0m Identity validated, nullifier generated [3melection_id[0m[2m=[0md43416db-8a11-4e57-bc00-5f160b887843 [3mdocument_number_hash[0m[2m=[0mfaf4ee88d815156214d01a4a171ba3483dd3619e6a8beb4d6ad738e9d471cdb8
[2m2026-04-07T22:06:51.305221Z[0m [32m INFO[0m [1mrequest[0m[1m{[0m[3mrequest_id[0m[2m=[0m118b0e75-56dd-49b9-958e-aeb9d219cc2b [3mmethod[0m[2m=[0mPOST [3muri[0m[2m=[0m/vote/validate-identity [3mversion[0m[2m=[0mHTTP/1.1[1m}[0m[2m:[0m [2mtower_http::trace::on_response[0m[2m:[0m finished processing request [3mlatency[0m[2m=[0m1 ms [3mstatus[0m[2m=[0m200
[2m2026-04-07T22:06:51.307031Z[0m [32m INFO[0m [1mrequest[0m[1m{[0m[3mrequest_id[0m[2m=[0m82fdad51-8f20-4d75-ab4b-9f3810095b24 [3mmethod[0m[2m=[0mPOST [3muri[0m[2m=[0m/vote/validate-identity [3mversion[0m[2m=[0mHTTP/1.1[1m}[0m[2m:[0m [2mtower_http::trace::on_request[0m[2m:[0m started processing request
[2m2026-04-07T22:06:51.308543Z[0m [32m INFO[0m [1mrequest[0m[1m{[0m[3mrequest_id[0m[2m=[0m82fdad51-8f20-4d75-ab4b-9f3810095b24 [3mmethod[0m[2m=[0mPOST [3muri[0m[2m=[0m/vote/validate-identity [3mversion[0m[2m=[0mHTTP/1.1[1m}[0m[2m:[0m [2msolesigner::api::vote[0m[2m:[0m Identity validated, nullifier generated [3melection_id[0m[2m=[0md43416db-8a11-4e57-bc00-5f160b887843 [3mdocument_number_hash[0m[2m=[0mde8cb9d7f4999ac20e23c7741b7a460327f5e8024a3acd5ff10a5876b333c11a
[2m2026-04-07T22:06:51.309165Z[0m [32m INFO[0m [1mrequest[0m[1m{[0m[3mrequest_id[0m[2m=[0m82fdad51-8f20-4d75-ab4b-9f3810095b24 [3mmethod[0m[2m=[0mPOST [3muri[0m[2m=[0m/vote/validate-identity [3mversion[0m[2m=[0mHTTP/1.1[1m}[0m[2m:[0m [2mtower_http::trace::on_response[0m[2m:[0m finished processing request [3mlatency[0m[2m=[0m2 ms [3mstatus[0m[2m=[0m200
[2m2026-04-07T22:06:51.311144Z[0m [32m INFO[0m [1mrequest[0m[1m{[0m[3mrequest_id[0m[2m=[0m4ea1578a-0ca7-419c-b5e8-b93ef80b8f49 [3mmethod[0m[2m=[0mPOST [3muri[0m[2m=[0m/vote/validate-identity [3mversion[0m[2m=[0mHTTP/1.1[1m}[0m[2m:[0m [2mtower_http::trace::on_request[0m[2m:[0m started processing request
[2m2026-04-07T22:06:51.312429Z[0m [32m INFO[0m [1mrequest[0m[1m{[0m[3mrequest_id[0m[2m=[0m4ea1578a-0ca7-419c-b5e8-b93ef80b8f49 [3mmethod[0m[2m=[0mPOST [3muri[0m[2m=[0m/vote/validate-identity [3mversion[0m[2m=[0mHTTP/1.1[1m}[0m[2m:[0m [2msolesigner::api::vote[0m[2m:[0m Identity validated, nullifier generated [3melection_id[0m[2m=[0md43416db-8a11-4e57-bc00-5f160b887843 [3mdocument_number_hash[0m[2m=[0md9592f5866fb26dee2931169afc22efc6b45f51424f8ebe7c64feb40546ab201
[2m2026-04-07T22:06:51.312854Z[0m [32m INFO[0m [1mrequest[0m[1m{[0m[3mrequest_id[0m[2m=[0m4ea1578a-0ca7-419c-b5e8-b93ef80b8f49 [3mmethod[0m[2m=[0mPOST [3muri[0m[2m=[0m/vote/validate-identity [3mversion[0m[2m=[0mHTTP/1.1[1m}[0m[2m:[0m [2mtower_http::trace::on_response[0m[2m:[0m finished processing request [3mlatency[0m[2m=[0m1 ms [3mstatus[0m[2m=[0m200
[2m2026-04-07T22:06:51.315144Z[0m [32m INFO[0m [1mrequest[0m[1m{[0m[3mrequest_id[0m[2m=[0maf74e4af-9789-433d-b7b2-0a3856a3ed8a [3mmethod[0m[2m=[0mPOST [3muri[0m[2m=[0m/vote/validate-identity [3mversion[0m[2m=[0mHTTP/1.1[1m}[0m[2m:[0m [2mtower_http::trace::on_request[0m[2m:[0m started processing request
[2m2026-04-07T22:06:51.317095Z[0m [32m INFO[0m [1mrequest[0m[1m{[0m[3mrequest_id[0m[2m=[0maf74e4af-9789-433d-b7b2-0a3856a3ed8a [3mmethod[0m[2m=[0mPOST [3muri[0m[2m=[0m/vote/validate-identity [3mversion[0m[2m=[0mHTTP/1.1[1m}[0m[2m:[0m [2msolesigner::api::vote[0m[2m:[0m Identity validated, nullifier generated [3melection_id[0m[2m=[0md43416db-8a11-4e57-bc00-5f160b887843 [3mdocument_number_hash[0m[2m=[0mde58b9e7c5b778c10fa356e55758f5d8fd5edb78290674b6482eadec5a0f83d0
[2m2026-04-07T22:06:51.317603Z[0m [32m INFO[0m [1mrequest[0m[1m{[0m[3mrequest_id[0m[2m=[0maf74e4af-9789-433d-b7b2-0a3856a3ed8a [3mmethod[0m[2m=[0mPOST [3muri[0m[2m=[0m/vote/validate-identity [3mversion[0m[2m=[0mHTTP/1.1[1m}[0m[2m:[0m [2mtower_http::trace::on_response[0m[2m:[0m finished processing request [3mlatency[0m[2m=[0m2 ms [3mstatus[0m[2m=[0m200
[2m2026-04-07T22:06:51.319489Z[0m [32m INFO[0m [1mrequest[0m[1m{[0m[3mrequest_id[0m[2m=[0m99d16388-5c82-4ffe-b15c-88dcb1e07a5e [3mmethod[0m[2m=[0mPOST [3muri[0m[2m=[0m/vote/validate-identity [3mversion[0m[2m=[0mHTTP/1.1[1m}[0m[2m:[0m [2mtower_http::trace::on_request[0m[2m:[0m started processing request
[2m2026-04-07T22:06:51.320829Z[0m [32m INFO[0m [1mrequest[0m[1m{[0m[3mrequest_id[0m[2m=[0m99d16388-5c82-4ffe-b15c-88dcb1e07a5e [3mmethod[0m[2m=[0mPOST [3muri[0m[2m=[0m/vote/validate-identity [3mversion[0m[2m=[0mHTTP/1.1[1m}[0m[2m:[0m [2msolesigner::api::vote[0m[2m:[0m Identity validated, nullifier generated [3melection_id[0m[2m=[0md43416db-8a11-4e57-bc00-5f160b887843 [3mdocument_number_hash[0m[2m=[0m3b8227c5a4ab214bb9c768fd17109075ef18f35072a29d0d108d10558dbaf376
[2m2026-04-07T22:06:51.321261Z[0m [32m INFO[0m [1mrequest[0m[1m{[0m[3mrequest_id[0m[2m=[0m99d16388-5c82-4ffe-b15c-88dcb1e07a5e [3mmethod[0m[2m=[0mPOST [3muri[0m[2m=[0m/vote/validate-identity [3mversion[0m[2m=[0mHTTP/1.1[1m}[0m[2m:[0m [2mtower_http::trace::on_response[0m[2m:[0m finished processing request [3mlatency[0m[2m=[0m1 ms [3mstatus[0m[2m=[0m200
[2m2026-04-07T22:06:51.323076Z[0m [32m INFO[0m [1mrequest[0m[1m{[0m[3mrequest_id[0m[2m=[0mb37a9271-720a-4485-a493-2417d9f7afe7 [3mmethod[0m[2m=[0mPOST [3muri[0m[2m=[0m/vote/validate-identity [3mversion[0m[2m=[0mHTTP/1.1[1m}[0m[2m:[0m [2mtower_http::trace::on_request[0m[2m:[0m started processing request
[2m2026-04-07T22:06:51.324527Z[0m [32m INFO[0m [1mrequest[0m[1m{[0m[3mrequest_id[0m[2m=[0mb37a9271-720a-4485-a493-2417d9f7afe7 [3mmethod[0m[2m=[0mPOST [3muri[0m[2m=[0m/vote/validate-identity [3mversion[0m[2m=[0mHTTP/1.1[1m}[0m[2m:[0m [2msolesigner::api::vote[0m[2m:[0m Identity validated, nullifier generated [3melection_id[0m[2m=[0md43416db-8a11-4e57-bc00-5f160b887843 [3mdocument_number_hash[0m[2m=[0m21bf2fd44a0346f3d04993d2e6c949301fa1a19e32e4c35b82c52893f862de94
[2m2026-04-07T22:06:51.324953Z[0m [32m INFO[0m [1mrequest[0m[1m{[0m[3mrequest_id[0m[2m=[0mb37a9271-720a-4485-a493-2417d9f7afe7 [3mmethod[0m[2m=[0mPOST [3muri[0m[2m=[0m/vote/validate-identity [3mversion[0m[2m=[0mHTTP/1.1[1m}[0m[2m:[0m [2mtower_http::trace::on_response[0m[2m:[0m finished processing request [3mlatency[0m[2m=[0m2 ms [3mstatus[0m[2m=[0m200
[2m2026-04-07T22:06:51.326772Z[0m [32m INFO[0m [1mrequest[0m[1m{[0m[3mrequest_id[0m[2m=[0m416f343b-e704-4b20-9bcc-a6df5420f0ab [3mmethod[0m[2m=[0mPOST [3muri[0m[2m=[0m/vote/validate-identity [3mversion[0m[2m=[0mHTTP/1.1[1m}[0m[2m:[0m [2mtower_http::trace::on_request[0m[2m:[0m started processing request
[2m2026-04-07T22:06:51.327930Z[0m [32m INFO[0m [1mrequest[0m[1m{[0m[3mrequest_id[0m[2m=[0m416f343b-e704-4b20-9bcc-a6df5420f0ab [3mmethod[0m[2m=[0mPOST [3muri[0m[2m=[0m/vote/validate-identity [3mversion[0m[2m=[0mHTTP/1.1[1m}[0m[2m:[0m [2msolesigner::api::vote[0m[2m:[0m Identity validated, nullifier generated [3melection_id[0m[2m=[0md43416db-8a11-4e57-bc00-5f160b887843 [3mdocument_number_hash[0m[2m=[0m77924b499b7f8a99de0202b93d64efc3f5cc35b4b2421f74724c2cab50d51739
[2m2026-04-07T22:06:51.328388Z[0m [32m INFO[0m [1mrequest[0m[1m{[0m[3mrequest_id[0m[2m=[0m416f343b-e704-4b20-9bcc-a6df5420f0ab [3mmethod[0m[2m=[0mPOST [3muri[0m[2m=[0m/vote/validate-identity [3mversion[0m[2m=[0mHTTP/1.1[1m}[0m[2m:[0m [2mtower_http::trace::on_response[0m[2m:[0m finished processing request [3mlatency[0m[2m=[0m1 ms [3mstatus[0m[2m=[0m200
[2m2026-04-07T22:06:51.330294Z[0m [32m INFO[0m [1mrequest[0m[1m{[0m[3mrequest_id[0m[2m=[0mb4248bcf-e16c-4b11-97de-751ac8954638 [3mmethod[0m[2m=[0mPOST [3muri[0m[2m=[0m/vote/validate-identity [3mversion[0m[2m=[0mHTTP/1.1[1m}[0m[2m:[0m [2mtower_http::trace::on_request[0m[2m:[0m started processing request
[2m2026-04-07T22:06:51.332122Z[0m [32m INFO[0m [1mrequest[0m[1m{[0m[3mrequest_id[0m[2m=[0mb4248bcf-e16c-4b11-97de-751ac8954638 [3mmethod[0m[2m=[0mPOST [3muri[0m[2m=[0m/vote/validate-identity [3mversion[0m[2m=[0mHTTP/1.1[1m}[0m[2m:[0m [2msolesigner::api::vote[0m[2m:[0m Identity validated, nullifier generated [3melection_id[0m[2m=[0md43416db-8a11-4e57-bc00-5f160b887843 [3mdocument_number_hash[0m[2m=[0maa285265258d558cc695b92b983d508887dc5a19e1d0e0f5203910ef17268d45
[2m2026-04-07T22:06:51.332841Z[0m [32m INFO[0m [1mrequest[0m[1m{[0m[3mrequest_id[0m[2m=[0mb4248bcf-e16c-4b11-97de-751ac8954638 [3mmethod[0m[2m=[0mPOST [3muri[0m[2m=[0m/vote/validate-identity [3mversion[0m[2m=[0mHTTP/1.1[1m}[0m[2m:[0m [2mtower_http::trace::on_response[0m[2m:[0m finished processing request [3mlatency[0m[2m=[0m2 ms [3mstatus[0m[2m=[0m200
[2m2026-04-07T22:06:51.334984Z[0m [32m INFO[0m [1mrequest[0m[1m{[0m[3mrequest_id[0m[2m=[0mc2b09d8b-dbb3-43bb-8c1b-336dba4a827c [3mmethod[0m[2m=[0mPOST [3muri[0m[2m=[0m/vote/validate-identity [3mversion[0m[2m=[0mHTTP/1.1[1m}[0m[2m:[0m [2mtower_http::trace::on_request[0m[2m:[0m started processing request
[2m2026-04-07T22:06:51.336396Z[0m [32m INFO[0m [1mrequest[0m[1m{[0m[3mrequest_id[0m[2m=[0mc2b09d8b-dbb3-43bb-8c1b-336dba4a827c [3mmethod[0m[2m=[0mPOST [3muri[0m[2m=[0m/vote/validate-identity [3mversion[0m[2m=[0mHTTP/1.1[1m}[0m[2m:[0m [2msolesigner::api::vote[0m[2m:[0m Identity validated, nullifier generated [3melection_id[0m[2m=[0md43416db-8a11-4e57-bc00-5f160b887843 [3mdocument_number_hash[0m[2m=[0m0c65df58b93df0106f83d76919a9ed76ef3e8c5d9ca12b3841761e0250306003
[2m2026-04-07T22:06:51.336808Z[0m [32m INFO[0m [1mrequest[0m[1m{[0m[3mrequest_id[0m[2m=[0mc2b09d8b-dbb3-43bb-8c1b-336dba4a827c [3mmethod[0m[2m=[0mPOST [3muri[0m[2m=[0m/vote/validate-identity [3mversion[0m[2m=[0mHTTP/1.1[1m}[0m[2m:[0m [2mtower_http::trace::on_response[0m[2m:[0m finished processing request [3mlatency[0m[2m=[0m1 ms [3mstatus[0m[2m=[0m200
[2m2026-04-07T22:06:51.338385Z[0m [32m INFO[0m [1mrequest[0m[1m{[0m[3mrequest_id[0m[2m=[0mfb6c7785-9b74-4fca-9252-dede023ade14 [3mmethod[0m[2m=[0mPOST [3muri[0m[2m=[0m/vote/validate-identity [3mversion[0m[2m=[0mHTTP/1.1[1m}[0m[2m:[0m [2mtower_http::trace::on_request[0m[2m:[0m started processing request
[2m2026-04-07T22:06:51.339911Z[0m [32m INFO[0m [1mrequest[0m[1m{[0m[3mrequest_id[0m[2m=[0mfb6c7785-9b74-4fca-9252-dede023ade14 [3mmethod[0m[2m=[0mPOST [3muri[0m[2m=[0m/vote/validate-identity [3mversion[0m[2m=[0mHTTP/1.1[1m}[0m[2m:[0m [2msolesigner::api::vote[0m[2m:[0m Identity validated, nullifier generated [3melection_id[0m[2m=[0md43416db-8a11-4e57-bc00-5f160b887843 [3mdocument_number_hash[0m[2m=[0me734641c40da3f78340630fe4508d7c6b0e4cbd328a39ae3b86b281834a8168c
[2m2026-04-07T22:06:51.340563Z[0m [32m INFO[0m [1mrequest[0m[1m{[0m[3mrequest_id[0m[2m=[0mfb6c7785-9b74-4fca-9252-dede023ade14 [3mmethod[0m[2m=[0mPOST [3muri[0m[2m=[0m/vote/validate-identity [3mversion[0m[2m=[0mHTTP/1.1[1m}[0m[2m:[0m [2mtower_http::trace::on_response[0m[2m:[0m finished processing request [3mlatency[0m[2m=[0m2 ms [3mstatus[0m[2m=[0m200
[2m2026-04-07T22:06:51.342203Z[0m [32m INFO[0m [1mrequest[0m[1m{[0m[3mrequest_id[0m[2m=[0m87eee0de-49a6-4667-a285-886cd5be277d [3mmethod[0m[2m=[0mPOST [3muri[0m[2m=[0m/vote/validate-identity [3mversion[0m[2m=[0mHTTP/1.1[1m}[0m[2m:[0m [2mtower_http::trace::on_request[0m[2m:[0m started processing request
[2m2026-04-07T22:06:51.343575Z[0m [32m INFO[0m [1mrequest[0m[1m{[0m[3mrequest_id[0m[2m=[0m87eee0de-49a6-4667-a285-886cd5be277d [3mmethod[0m[2m=[0mPOST [3muri[0m[2m=[0m/vote/validate-identity [3mversion[0m[2m=[0mHTTP/1.1[1m}[0m[2m:[0m [2msolesigner::api::vote[0m[2m:[0m Identity validated, nullifier generated [3melection_id[0m[2m=[0md43416db-8a11-4e57-bc00-5f160b887843 [3mdocument_number_hash[0m[2m=[0m574311acf19ee2c2a997ae89b61b1cbfee579e4f693fd9df34ebdcdafd6d03cd
[2m2026-04-07T22:06:51.343988Z[0m [32m INFO[0m [1mrequest[0m[1m{[0m[3mrequest_id[0m[2m=[0m87eee0de-49a6-4667-a285-886cd5be277d [3mmethod[0m[2m=[0mPOST [3muri[0m[2m=[0m/vote/validate-identity [3mversion[0m[2m=[0mHTTP/1.1[1m}[0m[2m:[0m [2mtower_http::trace::on_response[0m[2m:[0m finished processing request [3mlatency[0m[2m=[0m1 ms [3mstatus[0m[2m=[0m200
[2m2026-04-07T22:06:51.345420Z[0m [32m INFO[0m [1mrequest[0m[1m{[0m[3mrequest_id[0m[2m=[0meb128898-420e-4b2f-b9d2-a55b76374c69 [3mmethod[0m[2m=[0mPOST [3muri[0m[2m=[0m/vote/validate-identity [3mversion[0m[2m=[0mHTTP/1.1[1m}[0m[2m:[0m [2mtower_http::trace::on_request[0m[2m:[0m started processing request
[2m2026-04-07T22:06:51.346649Z[0m [32m INFO[0m [1mrequest[0m[1m{[0m[3mrequest_id[0m[2m=[0meb128898-420e-4b2f-b9d2-a55b76374c69 [3mmethod[0m[2m=[0mPOST [3muri[0m[2m=[0m/vote/validate-identity [3mversion[0m[2m=[0mHTTP/1.1[1m}[0m[2m:[0m [2msolesigner::api::vote[0m[2m:[0m Identity validated, nullifier generated [3melection_id[0m[2m=[0md43416db-8a11-4e57-bc00-5f160b887843 [3mdocument_number_hash[0m[2m=[0m780aa33b9502fb8ae490842a5a93769cb0177941d98b7f3f34f88f2ae0131e94
[2m2026-04-07T22:06:51.347115Z[0m [32m INFO[0m [1mrequest[0m[1m{[0m[3mrequest_id[0m[2m=[0meb128898-420e-4b2f-b9d2-a55b76374c69 [3mmethod[0m[2m=[0mPOST [3muri[0m[2m=[0m/vote/validate-identity [3mversion[0m[2m=[0mHTTP/1.1[1m}[0m[2m:[0m [2mtower_http::trace::on_response[0m[2m:[0m finished processing request [3mlatency[0m[2m=[0m1 ms [3mstatus[0m[2m=[0m200
[2m2026-04-07T22:06:51.349152Z[0m [32m INFO[0m [1mrequest[0m[1m{[0m[3mrequest_id[0m[2m=[0mcc53aa4e-263f-4b65-836c-bc04b1c2656d [3mmethod[0m[2m=[0mPOST [3muri[0m[2m=[0m/vote/validate-identity [3mversion[0m[2m=[0mHTTP/1.1[1m}[0m[2m:[0m [2mtower_http::trace::on_request[0m[2m:[0m started processing request
[2m2026-04-07T22:06:51.350788Z[0m [32m INFO[0m [1mrequest[0m[1m{[0m[3mrequest_id[0m[2m=[0mcc53aa4e-263f-4b65-836c-bc04b1c2656d [3mmethod[0m[2m=[0mPOST [3muri[0m[2m=[0m/vote/validate-identity [3mversion[0m[2m=[0mHTTP/1.1[1m}[0m[2m:[0m [2msolesigner::api::vote[0m[2m:[0m Identity validated, nullifier generated [3melection_id[0m[2m=[0md43416db-8a11-4e57-bc00-5f160b887843 [3mdocument_number_hash[0m[2m=[0m448fddd42e24232ace19bc7a8f400d27eb1de8e6dd2a7ab53c4baa54f37c54aa
[2m2026-04-07T22:06:51.351288Z[0m [32m INFO[0m [1mrequest[0m[1m{[0m[3mrequest_id[0m[2m=[0mcc53aa4e-263f-4b65-836c-bc04b1c2656d [3mmethod[0m[2m=[0mPOST [3muri[0m[2m=[0m/vote/validate-identity [3mversion[0m[2m=[0mHTTP/1.1[1m}[0m[2m:[0m [2mtower_http::trace::on_response[0m[2m:[0m finished processing request [3mlatency[0m[2m=[0m2 ms [3mstatus[0m[2m=[0m200
[2m2026-04-07T22:06:51.352684Z[0m [32m INFO[0m [1mrequest[0m[1m{[0m[3mrequest_id[0m[2m=[0ma937cde2-8824-4a90-bdf0-e0b3db41c3fe [3mmethod[0m[2m=[0mPOST [3muri[0m[2m=[0m/vote/validate-identity [3mversion[0m[2m=[0mHTTP/1.1[1m}[0m[2m:[0m [2mtower_http::trace::on_request[0m[2m:[0m started processing request
[2m2026-04-07T22:06:51.353774Z[0m [32m INFO[0m [1mrequest[0m[1m{[0m[3mrequest_id[0m[2m=[0ma937cde2-8824-4a90-bdf0-e0b3db41c3fe [3mmethod[0m[2m=[0mPOST [3muri[0m[2m=[0m/vote/validate-identity [3mversion[0m[2m=[0mHTTP/1.1[1m}[0m[2m:[0m [2msolesigner::api::vote[0m[2m:[0m Identity validated, nullifier generated [3melection_id[0m[2m=[0md43416db-8a11-4e57-bc00-5f160b887843 [3mdocument_number_hash[0m[2m=[0m08bc9093612dad37850c85ddc01339001c94ec124c33c192f5ab7f2af7257e83
[2m2026-04-07T22:06:51.354194Z[0m [32m INFO[0m [1mrequest[0m[1m{[0m[3mrequest_id[0m[2m=[0ma937cde2-8824-4a90-bdf0-e0b3db41c3fe [3mmethod[0m[2m=[0mPOST [3muri[0m[2m=[0m/vote/validate-identity [3mversion[0m[2m=[0mHTTP/1.1[1m}[0m[2m:[0m [2mtower_http::trace::on_response[0m[2m:[0m finished processing request [3mlatency[0m[2m=[0m1 ms [3mstatus[0m[2m=[0m200
[2m2026-04-07T22:06:51.355564Z[0m [32m INFO[0m [1mrequest[0m[1m{[0m[3mrequest_id[0m[2m=[0m96c4199d-2b2a-4551-9b6c-fe1dcf8bb664 [3mmethod[0m[2m=[0mPOST [3muri[0m[2m=[0m/vote/validate-identity [3mversion[0m[2m=[0mHTTP/1.1[1m}[0m[2m:[0m [2mtower_http::trace::on_request[0m[2m:[0m started processing request
[2m2026-04-07T22:06:51.356667Z[0m [32m INFO[0m [1mrequest[0m[1m{[0m[3mrequest_id[0m[2m=[0m96c4199d-2b2a-4551-9b6c-fe1dcf8bb664 [3mmethod[0m[2m=[0mPOST [3muri[0m[2m=[0m/vote/validate-identity [3mversion[0m[2m=[0mHTTP/1.1[1m}[0m[2m:[0m [2msolesigner::api::vote[0m[2m:[0m Identity validated, nullifier generated [3melection_id[0m[2m=[0md43416db-8a11-4e57-bc00-5f160b887843 [3mdocument_number_hash[0m[2m=[0m465cb59bdc869597ec549addd1999e89dba283f8afd819c61fcadf50121d7938
[2m2026-04-07T22:06:51.357091Z[0m [32m INFO[0m [1mrequest[0m[1m{[0m[3mrequest_id[0m[2m=[0m96c4199d-2b2a-4551-9b6c-fe1dcf8bb664 [3mmethod[0m[2m=[0mPOST [3muri[0m[2m=[0m/vote/validate-identity [3mversion[0m[2m=[0mHTTP/1.1[1m}[0m[2m:[0m [2mtower_http::trace::on_response[0m[2m:[0m finished processing request [3mlatency[0m[2m=[0m1 ms [3mstatus[0m[2m=[0m200
[2m2026-04-07T22:06:51.358373Z[0m [32m INFO[0m [1mrequest[0m[1m{[0m[3mrequest_id[0m[2m=[0me5431ff1-2d74-45be-b2c3-a49ae1828ba8 [3mmethod[0m[2m=[0mPOST [3muri[0m[2m=[0m/vote/validate-identity [3mversion[0m[2m=[0mHTTP/1.1[1m}[0m[2m:[0m [2mtower_http::trace::on_request[0m[2m:[0m started processing request
[2m2026-04-07T22:06:51.359675Z[0m [32m INFO[0m [1mrequest[0m[1m{[0m[3mrequest_id[0m[2m=[0me5431ff1-2d74-45be-b2c3-a49ae1828ba8 [3mmethod[0m[2m=[0mPOST [3muri[0m[2m=[0m/vote/validate-identity [3mversion[0m[2m=[0mHTTP/1.1[1m}[0m[2m:[0m [2msolesigner::api::vote[0m[2m:[0m Identity validated, nullifier generated [3melection_id[0m[2m=[0md43416db-8a11-4e57-bc00-5f160b887843 [3mdocument_number_hash[0m[2m=[0m291452b6d97e51bff483bce4acde5516cf4e597c349bf77b81659c9af3fb3c0c
[2m2026-04-07T22:06:51.360102Z[0m [32m INFO[0m [1mrequest[0m[1m{[0m[3mrequest_id[0m[2m=[0me5431ff1-2d74-45be-b2c3-a49ae1828ba8 [3mmethod[0m[2m=[0mPOST [3muri[0m[2m=[0m/vote/validate-identity [3mversion[0m[2m=[0mHTTP/1.1[1m}[0m[2m:[0m [2mtower_http::trace::on_response[0m[2m:[0m finished processing request [3mlatency[0m[2m=[0m1 ms [3mstatus[0m[2m=[0m200
[2m2026-04-07T22:06:51.361472Z[0m [32m INFO[0m [1mrequest[0m[1m{[0m[3mrequest_id[0m[2m=[0md5ece0d6-345d-4acf-bb9a-33bc9f6e0745 [3mmethod[0m[2m=[0mPOST [3muri[0m[2m=[0m/vote/validate-identity [3mversion[0m[2m=[0mHTTP/1.1[1m}[0m[2m:[0m [2mtower_http::trace::on_request[0m[2m:[0m started processing request
[2m2026-04-07T22:06:51.362877Z[0m [32m INFO[0m [1mrequest[0m[1m{[0m[3mrequest_id[0m[2m=[0md5ece0d6-345d-4acf-bb9a-33bc9f6e0745 [3mmethod[0m[2m=[0mPOST [3muri[0m[2m=[0m/vote/validate-identity [3mversion[0m[2m=[0mHTTP/1.1[1m}[0m[2m:[0m [2msolesigner::api::vote[0m[2m:[0m Identity validated, nullifier generated [3melection_id[0m[2m=[0md43416db-8a11-4e57-bc00-5f160b887843 [3mdocument_number_hash[0m[2m=[0ma6a52c73d6a3a107bd344e8b48743767386fe1d161532cff6202f94cdf5f99da
[2m2026-04-07T22:06:51.363453Z[0m [32m INFO[0m [1mrequest[0m[1m{[0m[3mrequest_id[0m[2m=[0md5ece0d6-345d-4acf-bb9a-33bc9f6e0745 [3mmethod[0m[2m=[0mPOST [3muri[0m[2m=[0m/vote/validate-identity [3mversion[0m[2m=[0mHTTP/1.1[1m}[0m[2m:[0m [2mtower_http::trace::on_response[0m[2m:[0m finished processing request [3mlatency[0m[2m=[0m2 ms [3mstatus[0m[2m=[0m200
[2m2026-04-07T22:06:51.365487Z[0m [32m INFO[0m [1mrequest[0m[1m{[0m[3mrequest_id[0m[2m=[0m8d973cb6-ce6f-419f-9d1a-eb308dbc2c15 [3mmethod[0m[2m=[0mPOST [3muri[0m[2m=[0m/vote/validate-identity [3mversion[0m[2m=[0mHTTP/1.1[1m}[0m[2m:[0m [2mtower_http::trace::on_request[0m[2m:[0m started processing request
[2m2026-04-07T22:06:51.367309Z[0m [32m INFO[0m [1mrequest[0m[1m{[0m[3mrequest_id[0m[2m=[0m8d973cb6-ce6f-419f-9d1a-eb308dbc2c15 [3mmethod[0m[2m=[0mPOST [3muri[0m[2m=[0m/vote/validate-identity [3mversion[0m[2m=[0mHTTP/1.1[1m}[0m[2m:[0m [2msolesigner::api::vote[0m[2m:[0m Identity validated, nullifier generated [3melection_id[0m[2m=[0md43416db-8a11-4e57-bc00-5f160b887843 [3mdocument_number_hash[0m[2m=[0m0f56e6cf326011d6be9d6fc96001e8e31a3e862146ebcf339d1f1991c03aaf01
[2m2026-04-07T22:06:51.367955Z[0m [32m INFO[0m [1mrequest[0m[1m{[0m[3mrequest_id[0m[2m=[0m8d973cb6-ce6f-419f-9d1a-eb308dbc2c15 [3mmethod[0m[2m=[0mPOST [3muri[0m[2m=[0m/vote/validate-identity [3mversion[0m[2m=[0mHTTP/1.1[1m}[0m[2m:[0m [2mtower_http::trace::on_response[0m[2m:[0m finished processing request [3mlatency[0m[2m=[0m2 ms [3mstatus[0m[2m=[0m200
[2m2026-04-07T22:06:51.369730Z[0m [32m INFO[0m [1mrequest[0m[1m{[0m[3mrequest_id[0m[2m=[0m8de3f96b-4061-403d-b32e-4b39c3bab6c9 [3mmethod[0m[2m=[0mPOST [3muri[0m[2m=[0m/vote/validate-identity [3mversion[0m[2m=[0mHTTP/1.1[1m}[0m[2m:[0m [2mtower_http::trace::on_request[0m[2m:[0m started processing request
[2m2026-04-07T22:06:51.371071Z[0m [32m INFO[0m [1mrequest[0m[1m{[0m[3mrequest_id[0m[2m=[0m8de3f96b-4061-403d-b32e-4b39c3bab6c9 [3mmethod[0m[2m=[0mPOST [3muri[0m[2m=[0m/vote/validate-identity [3mversion[0m[2m=[0mHTTP/1.1[1m}[0m[2m:[0m [2msolesigner::api::vote[0m[2m:[0m Identity validated, nullifier generated [3melection_id[0m[2m=[0md43416db-8a11-4e57-bc00-5f160b887843 [3mdocument_number_hash[0m[2m=[0m7bd0e92ab136900d514aaca1c387c097d14d87d8192f3c382b58dc1fb4efa407
[2m2026-04-07T22:06:51.371622Z[0m [32m INFO[0m [1mrequest[0m[1m{[0m[3mrequest_id[0m[2m=[0m8de3f96b-4061-403d-b32e-4b39c3bab6c9 [3mmethod[0m[2m=[0mPOST [3muri[0m[2m=[0m/vote/validate-identity [3mversion[0m[2m=[0mHTTP/1.1[1m}[0m[2m:[0m [2mtower_http::trace::on_response[0m[2m:[0m finished processing request [3mlatency[0m[2m=[0m1 ms [3mstatus[0m[2m=[0m200
[2m2026-04-07T22:06:51.373428Z[0m [32m INFO[0m [1mrequest[0m[1m{[0m[3mrequest_id[0m[2m=[0mee8b93b4-706e-429c-a071-caee54996b18 [3mmethod[0m[2m=[0mPOST [3muri[0m[2m=[0m/vote/validate-identity [3mversion[0m[2m=[0mHTTP/1.1[1m}[0m[2m:[0m [2mtower_http::trace::on_request[0m[2m:[0m started processing request
[2m2026-04-07T22:06:51.374918Z[0m [32m INFO[0m [1mrequest[0m[1m{[0m[3mrequest_id[0m[2m=[0mee8b93b4-706e-429c-a071-caee54996b18 [3mmethod[0m[2m=[0mPOST [3muri[0m[2m=[0m/vote/validate-identity [3mversion[0m[2m=[0mHTTP/1.1[1m}[0m[2m:[0m [2msolesigner::api::vote[0m[2m:[0m Identity validated, nullifier generated [3melection_id[0m[2m=[0md43416db-8a11-4e57-bc00-5f160b887843 [3mdocument_number_hash[0m[2m=[0mdc0db750e17b75a5115879644a9942e020bb260b9252e6d5fea5b833f17a6a78
[2m2026-04-07T22:06:51.375621Z[0m [32m INFO[0m [1mrequest[0m[1m{[0m[3mrequest_id[0m[2m=[0mee8b93b4-706e-429c-a071-caee54996b18 [3mmethod[0m[2m=[0mPOST [3muri[0m[2m=[0m/vote/validate-identity [3mversion[0m[2m=[0mHTTP/1.1[1m}[0m[2m:[0m [2mtower_http::trace::on_response[0m[2m:[0m finished processing request [3mlatency[0m[2m=[0m2 ms [3mstatus[0m[2m=[0m200
[2m2026-04-07T22:06:51.377229Z[0m [32m INFO[0m [1mrequest[0m[1m{[0m[3mrequest_id[0m[2m=[0mdca94308-a1f0-4b0a-bfe6-717469ea5c93 [3mmethod[0m[2m=[0mPOST [3muri[0m[2m=[0m/vote/validate-identity [3mversion[0m[2m=[0mHTTP/1.1[1m}[0m[2m:[0m [2mtower_http::trace::on_request[0m[2m:[0m started processing request
[2m2026-04-07T22:06:51.378282Z[0m [32m INFO[0m [1mrequest[0m[1m{[0m[3mrequest_id[0m[2m=[0mdca94308-a1f0-4b0a-bfe6-717469ea5c93 [3mmethod[0m[2m=[0mPOST [3muri[0m[2m=[0m/vote/validate-identity [3mversion[0m[2m=[0mHTTP/1.1[1m}[0m[2m:[0m [2msolesigner::api::vote[0m[2m:[0m Identity validated, nullifier generated [3melection_id[0m[2m=[0md43416db-8a11-4e57-bc00-5f160b887843 [3mdocument_number_hash[0m[2m=[0m32e94a45871770ae53a074880a4e2af724dd7f7d11725aca0728b152dc2c27b0
[2m2026-04-07T22:06:51.378682Z[0m [32m INFO[0m [1mrequest[0m[1m{[0m[3mrequest_id[0m[2m=[0mdca94308-a1f0-4b0a-bfe6-717469ea5c93 [3mmethod[0m[2m=[0mPOST [3muri[0m[2m=[0m/vote/validate-identity [3mversion[0m[2m=[0mHTTP/1.1[1m}[0m[2m:[0m [2mtower_http::trace::on_response[0m[2m:[0m finished processing request [3mlatency[0m[2m=[0m1 ms [3mstatus[0m[2m=[0m200
[2m2026-04-07T22:06:51.380478Z[0m [32m INFO[0m [1mrequest[0m[1m{[0m[3mrequest_id[0m[2m=[0mcc8324ec-113a-4f57-becf-4c83e35b9acd [3mmethod[0m[2m=[0mPOST [3muri[0m[2m=[0m/vote/validate-identity [3mversion[0m[2m=[0mHTTP/1.1[1m}[0m[2m:[0m [2mtower_http::trace::on_request[0m[2m:[0m started processing request
[2m2026-04-07T22:06:51.382349Z[0m [32m INFO[0m [1mrequest[0m[1m{[0m[3mrequest_id[0m[2m=[0mcc8324ec-113a-4f57-becf-4c83e35b9acd [3mmethod[0m[2m=[0mPOST [3muri[0m[2m=[0m/vote/validate-identity [3mversion[0m[2m=[0mHTTP/1.1[1m}[0m[2m:[0m [2msolesigner::api::vote[0m[2m:[0m Identity validated, nullifier generated [3melection_id[0m[2m=[0md43416db-8a11-4e57-bc00-5f160b887843 [3mdocument_number_hash[0m[2m=[0m0f1bdf8c0cecfb02bcdba973bcc86cb8b9ac6c6f8151a46b0b308a22baab2ce7
[2m2026-04-07T22:06:51.383191Z[0m [32m INFO[0m [1mrequest[0m[1m{[0m[3mrequest_id[0m[2m=[0mcc8324ec-113a-4f57-becf-4c83e35b9acd [3mmethod[0m[2m=[0mPOST [3muri[0m[2m=[0m/vote/validate-identity [3mversion[0m[2m=[0mHTTP/1.1[1m}[0m[2m:[0m [2mtower_http::trace::on_response[0m[2m:[0m finished processing request [3mlatency[0m[2m=[0m2 ms [3mstatus[0m[2m=[0m200
[2m2026-04-07T22:06:51.385138Z[0m [32m INFO[0m [1mrequest[0m[1m{[0m[3mrequest_id[0m[2m=[0m9e387bc1-bd03-45fb-a755-f45abddf758e [3mmethod[0m[2m=[0mPOST [3muri[0m[2m=[0m/vote/validate-identity [3mversion[0m[2m=[0mHTTP/1.1[1m}[0m[2m:[0m [2mtower_http::trace::on_request[0m[2m:[0m started processing request
[2m2026-04-07T22:06:51.386472Z[0m [32m INFO[0m [1mrequest[0m[1m{[0m[3mrequest_id[0m[2m=[0m9e387bc1-bd03-45fb-a755-f45abddf758e [3mmethod[0m[2m=[0mPOST [3muri[0m[2m=[0m/vote/validate-identity [3mversion[0m[2m=[0mHTTP/1.1[1m}[0m[2m:[0m [2msolesigner::api::vote[0m[2m:[0m Identity validated, nullifier generated [3melection_id[0m[2m=[0md43416db-8a11-4e57-bc00-5f160b887843 [3mdocument_number_hash[0m[2m=[0mc42f4d2311b4040220973c0c17b9a21009a2e20cc4a8c939f798292809e7f820
[2m2026-04-07T22:06:51.387012Z[0m [32m INFO[0m [1mrequest[0m[1m{[0m[3mrequest_id[0m[2m=[0m9e387bc1-bd03-45fb-a755-f45abddf758e [3mmethod[0m[2m=[0mPOST [3muri[0m[2m=[0m/vote/validate-identity [3mversion[0m[2m=[0mHTTP/1.1[1m}[0m[2m:[0m [2mtower_http::trace::on_response[0m[2m:[0m finished processing request [3mlatency[0m[2m=[0m1 ms [3mstatus[0m[2m=[0m200
[2m2026-04-07T22:06:51.388514Z[0m [32m INFO[0m [1mrequest[0m[1m{[0m[3mrequest_id[0m[2m=[0md4dd9043-8eac-43b0-8ce1-382109ffd384 [3mmethod[0m[2m=[0mPOST [3muri[0m[2m=[0m/vote/validate-identity [3mversion[0m[2m=[0mHTTP/1.1[1m}[0m[2m:[0m [2mtower_http::trace::on_request[0m[2m:[0m started processing request
[2m2026-04-07T22:06:51.389878Z[0m [32m INFO[0m [1mrequest[0m[1m{[0m[3mrequest_id[0m[2m=[0md4dd9043-8eac-43b0-8ce1-382109ffd384 [3mmethod[0m[2m=[0mPOST [3muri[0m[2m=[0m/vote/validate-identity [3mversion[0m[2m=[0mHTTP/1.1[1m}[0m[2m:[0m [2msolesigner::api::vote[0m[2m:[0m Identity validated, nullifier generated [3melection_id[0m[2m=[0md43416db-8a11-4e57-bc00-5f160b887843 [3mdocument_number_hash[0m[2m=[0m92320f4aa0f46fe8c2ec64164e31b6f46fb7340ee4fc0057a702b16d48890a79
[2m2026-04-07T22:06:51.390466Z[0m [32m INFO[0m [1mrequest[0m[1m{[0m[3mrequest_id[0m[2m=[0md4dd9043-8eac-43b0-8ce1-382109ffd384 [3mmethod[0m[2m=[0mPOST [3muri[0m[2m=[0m/vote/validate-identity [3mversion[0m[2m=[0mHTTP/1.1[1m}[0m[2m:[0m [2mtower_http::trace::on_response[0m[2m:[0m finished processing request [3mlatency[0m[2m=[0m2 ms [3mstatus[0m[2m=[0m200
[2m2026-04-07T22:06:51.392374Z[0m [32m INFO[0m [1mrequest[0m[1m{[0m[3mrequest_id[0m[2m=[0mfb7861d6-f729-4bc6-b903-eef3a2491f14 [3mmethod[0m[2m=[0mPOST [3muri[0m[2m=[0m/vote/validate-identity [3mversion[0m[2m=[0mHTTP/1.1[1m}[0m[2m:[0m [2mtower_http::trace::on_request[0m[2m:[0m started processing request
[2m2026-04-07T22:06:51.393849Z[0m [32m INFO[0m [1mrequest[0m[1m{[0m[3mrequest_id[0m[2m=[0mfb7861d6-f729-4bc6-b903-eef3a2491f14 [3mmethod[0m[2m=[0mPOST [3muri[0m[2m=[0m/vote/validate-identity [3mversion[0m[2m=[0mHTTP/1.1[1m}[0m[2m:[0m [2msolesigner::api::vote[0m[2m:[0m Identity validated, nullifier generated [3melection_id[0m[2m=[0md43416db-8a11-4e57-bc00-5f160b887843 [3mdocument_number_hash[0m[2m=[0mfa0eeb7971e8ea1279f78d4d5c09a4bed170e1fe48bf7aeb6ec3215e4f789f2b
[2m2026-04-07T22:06:51.394387Z[0m [32m INFO[0m [1mrequest[0m[1m{[0m[3mrequest_id[0m[2m=[0mfb7861d6-f729-4bc6-b903-eef3a2491f14 [3mmethod[0m[2m=[0mPOST [3muri[0m[2m=[0m/vote/validate-identity [3mversion[0m[2m=[0mHTTP/1.1[1m}[0m[2m:[0m [2mtower_http::trace::on_response[0m[2m:[0m finished processing request [3mlatency[0m[2m=[0m2 ms [3mstatus[0m[2m=[0m200
[2m2026-04-07T22:06:51.396161Z[0m [32m INFO[0m [1mrequest[0m[1m{[0m[3mrequest_id[0m[2m=[0mab6acd4c-5699-4835-a665-1d297e112824 [3mmethod[0m[2m=[0mPOST [3muri[0m[2m=[0m/vote/validate-identity [3mversion[0m[2m=[0mHTTP/1.1[1m}[0m[2m:[0m [2mtower_http::trace::on_request[0m[2m:[0m started processing request
[2m2026-04-07T22:06:51.397538Z[0m [32m INFO[0m [1mrequest[0m[1m{[0m[3mrequest_id[0m[2m=[0mab6acd4c-5699-4835-a665-1d297e112824 [3mmethod[0m[2m=[0mPOST [3muri[0m[2m=[0m/vote/validate-identity [3mversion[0m[2m=[0mHTTP/1.1[1m}[0m[2m:[0m [2msolesigner::api::vote[0m[2m:[0m Identity validated, nullifier generated [3melection_id[0m[2m=[0md43416db-8a11-4e57-bc00-5f160b887843 [3mdocument_number_hash[0m[2m=[0m8f5f9fad18512d80b56a9c99a07ade7616c89020a55818c93bf71e446889099f
[2m2026-04-07T22:06:51.398142Z[0m [32m INFO[0m [1mrequest[0m[1m{[0m[3mrequest_id[0m[2m=[0mab6acd4c-5699-4835-a665-1d297e112824 [3mmethod[0m[2m=[0mPOST [3muri[0m[2m=[0m/vote/validate-identity [3mversion[0m[2m=[0mHTTP/1.1[1m}[0m[2m:[0m [2mtower_http::trace::on_response[0m[2m:[0m finished processing request [3mlatency[0m[2m=[0m2 ms [3mstatus[0m[2m=[0m200
[2m2026-04-07T22:06:51.401162Z[0m [32m INFO[0m [1mrequest[0m[1m{[0m[3mrequest_id[0m[2m=[0mb823667b-a095-4208-8dd5-f787bd1aa31e [3mmethod[0m[2m=[0mPOST [3muri[0m[2m=[0m/vote/validate-identity [3mversion[0m[2m=[0mHTTP/1.1[1m}[0m[2m:[0m [2mtower_http::trace::on_request[0m[2m:[0m started processing request
[2m2026-04-07T22:06:51.402841Z[0m [32m INFO[0m [1mrequest[0m[1m{[0m[3mrequest_id[0m[2m=[0mb823667b-a095-4208-8dd5-f787bd1aa31e [3mmethod[0m[2m=[0mPOST [3muri[0m[2m=[0m/vote/validate-identity [3mversion[0m[2m=[0mHTTP/1.1[1m}[0m[2m:[0m [2msolesigner::api::vote[0m[2m:[0m Identity validated, nullifier generated [3melection_id[0m[2m=[0md43416db-8a11-4e57-bc00-5f160b887843 [3mdocument_number_hash[0m[2m=[0mb093f92c91887dbefbe16cbff639e1d7e63504f066cf23cc6f7b95fd1bc0d82e
[2m2026-04-07T22:06:51.403346Z[0m [32m INFO[0m [1mrequest[0m[1m{[0m[3mrequest_id[0m[2m=[0mb823667b-a095-4208-8dd5-f787bd1aa31e [3mmethod[0m[2m=[0mPOST [3muri[0m[2m=[0m/vote/validate-identity [3mversion[0m[2m=[0mHTTP/1.1[1m}[0m[2m:[0m [2mtower_http::trace::on_response[0m[2m:[0m finished processing request [3mlatency[0m[2m=[0m2 ms [3mstatus[0m[2m=[0m200
[2m2026-04-07T22:06:51.405009Z[0m [32m INFO[0m [1mrequest[0m[1m{[0m[3mrequest_id[0m[2m=[0mcec7b7e1-878b-45fc-9d16-7bc61ec53e73 [3mmethod[0m[2m=[0mPOST [3muri[0m[2m=[0m/vote/validate-identity [3mversion[0m[2m=[0mHTTP/1.1[1m}[0m[2m:[0m [2mtower_http::trace::on_request[0m[2m:[0m started processing request
[2m2026-04-07T22:06:51.406250Z[0m [32m INFO[0m [1mrequest[0m[1m{[0m[3mrequest_id[0m[2m=[0mcec7b7e1-878b-45fc-9d16-7bc61ec53e73 [3mmethod[0m[2m=[0mPOST [3muri[0m[2m=[0m/vote/validate-identity [3mversion[0m[2m=[0mHTTP/1.1[1m}[0m[2m:[0m [2msolesigner::api::vote[0m[2m:[0m Identity validated, nullifier generated [3melection_id[0m[2m=[0md43416db-8a11-4e57-bc00-5f160b887843 [3mdocument_number_hash[0m[2m=[0me1f56da124e269a45ba7c2ccb1f786b88ede06ea00608079f0dfa0e46ab43d5e
[2m2026-04-07T22:06:51.406719Z[0m [32m INFO[0m [1mrequest[0m[1m{[0m[3mrequest_id[0m[2m=[0mcec7b7e1-878b-45fc-9d16-7bc61ec53e73 [3mmethod[0m[2m=[0mPOST [3muri[0m[2m=[0m/vote/validate-identity [3mversion[0m[2m=[0mHTTP/1.1[1m}[0m[2m:[0m [2mtower_http::trace::on_response[0m[2m:[0m finished processing request [3mlatency[0m[2m=[0m1 ms [3mstatus[0m[2m=[0m200
[2m2026-04-07T22:06:51.408377Z[0m [32m INFO[0m [1mrequest[0m[1m{[0m[3mrequest_id[0m[2m=[0mffc42571-6fc0-40ab-b9fc-e08a90cd60c1 [3mmethod[0m[2m=[0mPOST [3muri[0m[2m=[0m/vote/validate-identity [3mversion[0m[2m=[0mHTTP/1.1[1m}[0m[2m:[0m [2mtower_http::trace::on_request[0m[2m:[0m started processing request
[2m2026-04-07T22:06:51.409622Z[0m [32m INFO[0m [1mrequest[0m[1m{[0m[3mrequest_id[0m[2m=[0mffc42571-6fc0-40ab-b9fc-e08a90cd60c1 [3mmethod[0m[2m=[0mPOST [3muri[0m[2m=[0m/vote/validate-identity [3mversion[0m[2m=[0mHTTP/1.1[1m}[0m[2m:[0m [2msolesigner::api::vote[0m[2m:[0m Identity validated, nullifier generated [3melection_id[0m[2m=[0md43416db-8a11-4e57-bc00-5f160b887843 [3mdocument_number_hash[0m[2m=[0m18e56e042544f36f4c8f236bc3707de445b2c92792c55ddac25cd768d599e671
[2m2026-04-07T22:06:51.410057Z[0m [32m INFO[0m [1mrequest[0m[1m{[0m[3mrequest_id[0m[2m=[0mffc42571-6fc0-40ab-b9fc-e08a90cd60c1 [3mmethod[0m[2m=[0mPOST [3muri[0m[2m=[0m/vote/validate-identity [3mversion[0m[2m=[0mHTTP/1.1[1m}[0m[2m:[0m [2mtower_http::trace::on_response[0m[2m:[0m finished processing request [3mlatency[0m[2m=[0m1 ms [3mstatus[0m[2m=[0m200
[2m2026-04-07T22:06:51.411483Z[0m [32m INFO[0m [1mrequest[0m[1m{[0m[3mrequest_id[0m[2m=[0mbb9e6872-d442-4cb8-b0ab-6e83dc414a8b [3mmethod[0m[2m=[0mPOST [3muri[0m[2m=[0m/vote/validate-identity [3mversion[0m[2m=[0mHTTP/1.1[1m}[0m[2m:[0m [2mtower_http::trace::on_request[0m[2m:[0m started processing request
[2m2026-04-07T22:06:51.412818Z[0m [32m INFO[0m [1mrequest[0m[1m{[0m[3mrequest_id[0m[2m=[0mbb9e6872-d442-4cb8-b0ab-6e83dc414a8b [3mmethod[0m[2m=[0mPOST [3muri[0m[2m=[0m/vote/validate-identity [3mversion[0m[2m=[0mHTTP/1.1[1m}[0m[2m:[0m [2msolesigner::api::vote[0m[2m:[0m Identity validated, nullifier generated [3melection_id[0m[2m=[0md43416db-8a11-4e57-bc00-5f160b887843 [3mdocument_number_hash[0m[2m=[0mc8c378078291aee7fe850f8a4ad7d664f0014e0411cd391b5cdc5b4e6ecede26
[2m2026-04-07T22:06:51.413268Z[0m [32m INFO[0m [1mrequest[0m[1m{[0m[3mrequest_id[0m[2m=[0mbb9e6872-d442-4cb8-b0ab-6e83dc414a8b [3mmethod[0m[2m=[0mPOST [3muri[0m[2m=[0m/vote/validate-identity [3mversion[0m[2m=[0mHTTP/1.1[1m}[0m[2m:[0m [2mtower_http::trace::on_response[0m[2m:[0m finished processing request [3mlatency[0m[2m=[0m1 ms [3mstatus[0m[2m=[0m200
[2m2026-04-07T22:06:51.414692Z[0m [32m INFO[0m [1mrequest[0m[1m{[0m[3mrequest_id[0m[2m=[0mb4c58ae0-08e9-4044-a915-cb162ea5dd13 [3mmethod[0m[2m=[0mPOST [3muri[0m[2m=[0m/vote/validate-identity [3mversion[0m[2m=[0mHTTP/1.1[1m}[0m[2m:[0m [2mtower_http::trace::on_request[0m[2m:[0m started processing request
[2m2026-04-07T22:06:51.416223Z[0m [32m INFO[0m [1mrequest[0m[1m{[0m[3mrequest_id[0m[2m=[0mb4c58ae0-08e9-4044-a915-cb162ea5dd13 [3mmethod[0m[2m=[0mPOST [3muri[0m[2m=[0m/vote/validate-identity [3mversion[0m[2m=[0mHTTP/1.1[1m}[0m[2m:[0m [2msolesigner::api::vote[0m[2m:[0m Identity validated, nullifier generated [3melection_id[0m[2m=[0md43416db-8a11-4e57-bc00-5f160b887843 [3mdocument_number_hash[0m[2m=[0m9d30c5abf7441688d45c0e06f7341a6ccd91b822995550d8e3cd21eee2f2575d
[2m2026-04-07T22:06:51.416905Z[0m [32m INFO[0m [1mrequest[0m[1m{[0m[3mrequest_id[0m[2m=[0mb4c58ae0-08e9-4044-a915-cb162ea5dd13 [3mmethod[0m[2m=[0mPOST [3muri[0m[2m=[0m/vote/validate-identity [3mversion[0m[2m=[0mHTTP/1.1[1m}[0m[2m:[0m [2mtower_http::trace::on_response[0m[2m:[0m finished processing request [3mlatency[0m[2m=[0m2 ms [3mstatus[0m[2m=[0m200
[2m2026-04-07T22:06:51.419435Z[0m [32m INFO[0m [1mrequest[0m[1m{[0m[3mrequest_id[0m[2m=[0maeb9ba44-1609-4a73-aa6b-5afe0cd999cc [3mmethod[0m[2m=[0mPOST [3muri[0m[2m=[0m/vote/validate-identity [3mversion[0m[2m=[0mHTTP/1.1[1m}[0m[2m:[0m [2mtower_http::trace::on_request[0m[2m:[0m started processing request
[2m2026-04-07T22:06:51.420879Z[0m [32m INFO[0m [1mrequest[0m[1m{[0m[3mrequest_id[0m[2m=[0maeb9ba44-1609-4a73-aa6b-5afe0cd999cc [3mmethod[0m[2m=[0mPOST [3muri[0m[2m=[0m/vote/validate-identity [3mversion[0m[2m=[0mHTTP/1.1[1m}[0m[2m:[0m [2msolesigner::api::vote[0m[2m:[0m Identity validated, nullifier generated [3melection_id[0m[2m=[0md43416db-8a11-4e57-bc00-5f160b887843 [3mdocument_number_hash[0m[2m=[0m97efc7b31b76056a7da73f469c3bb6c865d269bd3804e8651b654db4625871c4
[2m2026-04-07T22:06:51.421358Z[0m [32m INFO[0m [1mrequest[0m[1m{[0m[3mrequest_id[0m[2m=[0maeb9ba44-1609-4a73-aa6b-5afe0cd999cc [3mmethod[0m[2m=[0mPOST [3muri[0m[2m=[0m/vote/validate-identity [3mversion[0m[2m=[0mHTTP/1.1[1m}[0m[2m:[0m [2mtower_http::trace::on_response[0m[2m:[0m finished processing request [3mlatency[0m[2m=[0m2 ms [3mstatus[0m[2m=[0m200
[2m2026-04-07T22:06:51.422914Z[0m [32m INFO[0m [1mrequest[0m[1m{[0m[3mrequest_id[0m[2m=[0m273702d6-a12e-4289-9af9-5461482a8f4f [3mmethod[0m[2m=[0mPOST [3muri[0m[2m=[0m/vote/validate-identity [3mversion[0m[2m=[0mHTTP/1.1[1m}[0m[2m:[0m [2mtower_http::trace::on_request[0m[2m:[0m started processing request
[2m2026-04-07T22:06:51.424062Z[0m [32m INFO[0m [1mrequest[0m[1m{[0m[3mrequest_id[0m[2m=[0m273702d6-a12e-4289-9af9-5461482a8f4f [3mmethod[0m[2m=[0mPOST [3muri[0m[2m=[0m/vote/validate-identity [3mversion[0m[2m=[0mHTTP/1.1[1m}[0m[2m:[0m [2msolesigner::api::vote[0m[2m:[0m Identity validated, nullifier generated [3melection_id[0m[2m=[0md43416db-8a11-4e57-bc00-5f160b887843 [3mdocument_number_hash[0m[2m=[0mb97cf42379c46944e046814a24719162d3d446170ff52e1c60134e66e3f712ef
[2m2026-04-07T22:06:51.424498Z[0m [32m INFO[0m [1mrequest[0m[1m{[0m[3mrequest_id[0m[2m=[0m273702d6-a12e-4289-9af9-5461482a8f4f [3mmethod[0m[2m=[0mPOST [3muri[0m[2m=[0m/vote/validate-identity [3mversion[0m[2m=[0mHTTP/1.1[1m}[0m[2m:[0m [2mtower_http::trace::on_response[0m[2m:[0m finished processing request [3mlatency[0m[2m=[0m1 ms [3mstatus[0m[2m=[0m200
[2m2026-04-07T22:06:51.425959Z[0m [32m INFO[0m [1mrequest[0m[1m{[0m[3mrequest_id[0m[2m=[0m798ea26a-5b7c-40a5-ae1f-beaace2716b4 [3mmethod[0m[2m=[0mPOST [3muri[0m[2m=[0m/vote/validate-identity [3mversion[0m[2m=[0mHTTP/1.1[1m}[0m[2m:[0m [2mtower_http::trace::on_request[0m[2m:[0m started processing request
[2m2026-04-07T22:06:51.427202Z[0m [32m INFO[0m [1mrequest[0m[1m{[0m[3mrequest_id[0m[2m=[0m798ea26a-5b7c-40a5-ae1f-beaace2716b4 [3mmethod[0m[2m=[0mPOST [3muri[0m[2m=[0m/vote/validate-identity [3mversion[0m[2m=[0mHTTP/1.1[1m}[0m[2m:[0m [2msolesigner::api::vote[0m[2m:[0m Identity validated, nullifier generated [3melection_id[0m[2m=[0md43416db-8a11-4e57-bc00-5f160b887843 [3mdocument_number_hash[0m[2m=[0m62cc27e23daa2471ec01be932d6458dbfd39ac55c6a0b4d995bcbe3b5e204357
[2m2026-04-07T22:06:51.427671Z[0m [32m INFO[0m [1mrequest[0m[1m{[0m[3mrequest_id[0m[2m=[0m798ea26a-5b7c-40a5-ae1f-beaace2716b4 [3mmethod[0m[2m=[0mPOST [3muri[0m[2m=[0m/vote/validate-identity [3mversion[0m[2m=[0mHTTP/1.1[1m}[0m[2m:[0m [2mtower_http::trace::on_response[0m[2m:[0m finished processing request [3mlatency[0m[2m=[0m1 ms [3mstatus[0m[2m=[0m200
[2m2026-04-07T22:06:51.429006Z[0m [32m INFO[0m [1mrequest[0m[1m{[0m[3mrequest_id[0m[2m=[0m538c8157-5b09-4e80-a796-7874151b914f [3mmethod[0m[2m=[0mPOST [3muri[0m[2m=[0m/vote/validate-identity [3mversion[0m[2m=[0mHTTP/1.1[1m}[0m[2m:[0m [2mtower_http::trace::on_request[0m[2m:[0m started processing request
[2m2026-04-07T22:06:51.430127Z[0m [32m INFO[0m [1mrequest[0m[1m{[0m[3mrequest_id[0m[2m=[0m538c8157-5b09-4e80-a796-7874151b914f [3mmethod[0m[2m=[0mPOST [3muri[0m[2m=[0m/vote/validate-identity [3mversion[0m[2m=[0mHTTP/1.1[1m}[0m[2m:[0m [2msolesigner::api::vote[0m[2m:[0m Identity validated, nullifier generated [3melection_id[0m[2m=[0md43416db-8a11-4e57-bc00-5f160b887843 [3mdocument_number_hash[0m[2m=[0ma57122dd9968bae883fb916d99008370e48fcd5795b6c6748cfab27916833e59
[2m2026-04-07T22:06:51.430504Z[0m [32m INFO[0m [1mrequest[0m[1m{[0m[3mrequest_id[0m[2m=[0m538c8157-5b09-4e80-a796-7874151b914f [3mmethod[0m[2m=[0mPOST [3muri[0m[2m=[0m/vote/validate-identity [3mversion[0m[2m=[0mHTTP/1.1[1m}[0m[2m:[0m [2mtower_http::trace::on_response[0m[2m:[0m finished processing request [3mlatency[0m[2m=[0m1 ms [3mstatus[0m[2m=[0m200
[2m2026-04-07T22:06:51.432175Z[0m [32m INFO[0m [1mrequest[0m[1m{[0m[3mrequest_id[0m[2m=[0m3e2d7f98-4d71-469b-9cd2-afabf7bd5c35 [3mmethod[0m[2m=[0mPOST [3muri[0m[2m=[0m/vote/validate-identity [3mversion[0m[2m=[0mHTTP/1.1[1m}[0m[2m:[0m [2mtower_http::trace::on_request[0m[2m:[0m started processing request
[2m2026-04-07T22:06:51.433454Z[0m [32m INFO[0m [1mrequest[0m[1m{[0m[3mrequest_id[0m[2m=[0m3e2d7f98-4d71-469b-9cd2-afabf7bd5c35 [3mmethod[0m[2m=[0mPOST [3muri[0m[2m=[0m/vote/validate-identity [3mversion[0m[2m=[0mHTTP/1.1[1m}[0m[2m:[0m [2msolesigner::api::vote[0m[2m:[0m Identity validated, nullifier generated [3melection_id[0m[2m=[0md43416db-8a11-4e57-bc00-5f160b887843 [3mdocument_number_hash[0m[2m=[0m738a07c4f095030eb48e6978afdf7ddc39447972e80d8744fb55f2852fc196ce
[2m2026-04-07T22:06:51.433856Z[0m [32m INFO[0m [1mrequest[0m[1m{[0m[3mrequest_id[0m[2m=[0m3e2d7f98-4d71-469b-9cd2-afabf7bd5c35 [3mmethod[0m[2m=[0mPOST [3muri[0m[2m=[0m/vote/validate-identity [3mversion[0m[2m=[0mHTTP/1.1[1m}[0m[2m:[0m [2mtower_http::trace::on_response[0m[2m:[0m finished processing request [3mlatency[0m[2m=[0m1 ms [3mstatus[0m[2m=[0m200
[2m2026-04-07T22:06:51.435663Z[0m [32m INFO[0m [1mrequest[0m[1m{[0m[3mrequest_id[0m[2m=[0mb60f08a2-fb2c-4bf7-a601-3ed7294b6f96 [3mmethod[0m[2m=[0mPOST [3muri[0m[2m=[0m/vote/submit [3mversion[0m[2m=[0mHTTP/1.1[1m}[0m[2m:[0m [2mtower_http::trace::on_request[0m[2m:[0m started processing request
[2m2026-04-07T22:06:51.445340Z[0m [32m INFO[0m [1mrequest[0m[1m{[0m[3mrequest_id[0m[2m=[0m252702e9-87c6-40a0-809d-88f236648017 [3mmethod[0m[2m=[0mPOST [3muri[0m[2m=[0m/vote/submit [3mversion[0m[2m=[0mHTTP/1.1[1m}[0m[2m:[0m [2mtower_http::trace::on_request[0m[2m:[0m started processing request
[2m2026-04-07T22:06:51.458985Z[0m [32m INFO[0m [1mrequest[0m[1m{[0m[3mrequest_id[0m[2m=[0m6c1431df-6ad2-4079-9aa6-1891cd7ac623 [3mmethod[0m[2m=[0mPOST [3muri[0m[2m=[0m/vote/submit [3mversion[0m[2m=[0mHTTP/1.1[1m}[0m[2m:[0m [2mtower_http::trace::on_request[0m[2m:[0m started processing request
[2m2026-04-07T22:06:51.459663Z[0m [32m INFO[0m [1mrequest[0m[1m{[0m[3mrequest_id[0m[2m=[0m1b442a3e-a36b-4d0b-9b05-19f6579fd46d [3mmethod[0m[2m=[0mPOST [3muri[0m[2m=[0m/vote/submit [3mversion[0m[2m=[0mHTTP/1.1[1m}[0m[2m:[0m [2mtower_http::trace::on_request[0m[2m:[0m started processing request
[2m2026-04-07T22:06:51.459663Z[0m [32m INFO[0m [1mrequest[0m[1m{[0m[3mrequest_id[0m[2m=[0m188ee830-79bc-43b6-ae4c-c6e89d914e43 [3mmethod[0m[2m=[0mPOST [3muri[0m[2m=[0m/vote/submit [3mversion[0m[2m=[0mHTTP/1.1[1m}[0m[2m:[0m [2mtower_http::trace::on_request[0m[2m:[0m started processing request
[2m2026-04-07T22:06:51.458985Z[0m [32m INFO[0m [1mrequest[0m[1m{[0m[3mrequest_id[0m[2m=[0m8a956897-a6f1-407b-a507-e48bc8176823 [3mmethod[0m[2m=[0mPOST [3muri[0m[2m=[0m/vote/submit [3mversion[0m[2m=[0mHTTP/1.1[1m}[0m[2m:[0m [2mtower_http::trace::on_request[0m[2m:[0m started processing request
[2m2026-04-07T22:06:51.460030Z[0m [32m INFO[0m [1mrequest[0m[1m{[0m[3mrequest_id[0m[2m=[0m7555659a-6209-4aa1-9e21-1963698c645f [3mmethod[0m[2m=[0mPOST [3muri[0m[2m=[0m/vote/submit [3mversion[0m[2m=[0mHTTP/1.1[1m}[0m[2m:[0m [2mtower_http::trace::on_request[0m[2m:[0m started processing request
[2m2026-04-07T22:06:51.461021Z[0m [32m INFO[0m [1mrequest[0m[1m{[0m[3mrequest_id[0m[2m=[0m7e081333-3660-42ef-8db6-8e723f6ebc35 [3mmethod[0m[2m=[0mPOST [3muri[0m[2m=[0m/vote/submit [3mversion[0m[2m=[0mHTTP/1.1[1m}[0m[2m:[0m [2mtower_http::trace::on_request[0m[2m:[0m started processing request
[2m2026-04-07T22:06:51.461613Z[0m [32m INFO[0m [1mrequest[0m[1m{[0m[3mrequest_id[0m[2m=[0m4b9fab6d-404a-4514-b5d9-03d10635733a [3mmethod[0m[2m=[0mPOST [3muri[0m[2m=[0m/vote/submit [3mversion[0m[2m=[0mHTTP/1.1[1m}[0m[2m:[0m [2mtower_http::trace::on_request[0m[2m:[0m started processing request
[2m2026-04-07T22:06:51.461808Z[0m [32m INFO[0m [1mrequest[0m[1m{[0m[3mrequest_id[0m[2m=[0me015ab46-9c21-4096-ae94-5871d9c0b9f1 [3mmethod[0m[2m=[0mPOST [3muri[0m[2m=[0m/vote/submit [3mversion[0m[2m=[0mHTTP/1.1[1m}[0m[2m:[0m [2mtower_http::trace::on_request[0m[2m:[0m started processing request
[2m2026-04-07T22:06:51.462628Z[0m [32m INFO[0m [1mrequest[0m[1m{[0m[3mrequest_id[0m[2m=[0m71d3f2b1-0a1c-4b40-bb5a-5a96853e69b3 [3mmethod[0m[2m=[0mPOST [3muri[0m[2m=[0m/vote/submit [3mversion[0m[2m=[0mHTTP/1.1[1m}[0m[2m:[0m [2mtower_http::trace::on_request[0m[2m:[0m started processing request
[2m2026-04-07T22:06:51.461020Z[0m [32m INFO[0m [1mrequest[0m[1m{[0m[3mrequest_id[0m[2m=[0mcbb0ac18-a916-4bf8-b3db-58368b48b5a2 [3mmethod[0m[2m=[0mPOST [3muri[0m[2m=[0m/vote/submit [3mversion[0m[2m=[0mHTTP/1.1[1m}[0m[2m:[0m [2mtower_http::trace::on_request[0m[2m:[0m started processing request
[2m2026-04-07T22:06:51.468032Z[0m [32m INFO[0m [1mrequest[0m[1m{[0m[3mrequest_id[0m[2m=[0m92170810-01d0-4ff5-8c3c-1f0f376a5a7d [3mmethod[0m[2m=[0mPOST [3muri[0m[2m=[0m/vote/submit [3mversion[0m[2m=[0mHTTP/1.1[1m}[0m[2m:[0m [2mtower_http::trace::on_request[0m[2m:[0m started processing request
[2m2026-04-07T22:06:51.468566Z[0m [32m INFO[0m [1mrequest[0m[1m{[0m[3mrequest_id[0m[2m=[0m9d2138bc-a8b1-4a94-9509-310c0046d850 [3mmethod[0m[2m=[0mPOST [3muri[0m[2m=[0m/vote/submit [3mversion[0m[2m=[0mHTTP/1.1[1m}[0m[2m:[0m [2mtower_http::trace::on_request[0m[2m:[0m started processing request
[2m2026-04-07T22:06:51.468861Z[0m [32m INFO[0m [1mrequest[0m[1m{[0m[3mrequest_id[0m[2m=[0m1b51fc5d-58e1-48d9-93b3-cd06713f2c95 [3mmethod[0m[2m=[0mPOST [3muri[0m[2m=[0m/vote/submit [3mversion[0m[2m=[0mHTTP/1.1[1m}[0m[2m:[0m [2mtower_http::trace::on_request[0m[2m:[0m started processing request
[2m2026-04-07T22:06:51.469070Z[0m [32m INFO[0m [1mrequest[0m[1m{[0m[3mrequest_id[0m[2m=[0m2c1bcc55-6479-4cee-9a99-4d1c3c06c66c [3mmethod[0m[2m=[0mPOST [3muri[0m[2m=[0m/vote/submit [3mversion[0m[2m=[0mHTTP/1.1[1m}[0m[2m:[0m [2mtower_http::trace::on_request[0m[2m:[0m started processing request
[2m2026-04-07T22:06:51.469602Z[0m [32m INFO[0m [1mrequest[0m[1m{[0m[3mrequest_id[0m[2m=[0m8cb0c12a-8170-4dd6-8fe1-0238b5107f8d [3mmethod[0m[2m=[0mPOST [3muri[0m[2m=[0m/vote/submit [3mversion[0m[2m=[0mHTTP/1.1[1m}[0m[2m:[0m [2mtower_http::trace::on_request[0m[2m:[0m started processing request
[2m2026-04-07T22:06:51.469950Z[0m [32m INFO[0m [1mrequest[0m[1m{[0m[3mrequest_id[0m[2m=[0m2d38ce74-36ed-4a6f-b6c9-2f77503e30ca [3mmethod[0m[2m=[0mPOST [3muri[0m[2m=[0m/vote/submit [3mversion[0m[2m=[0mHTTP/1.1[1m}[0m[2m:[0m [2mtower_http::trace::on_request[0m[2m:[0m started processing request
[2m2026-04-07T22:06:51.470222Z[0m [32m INFO[0m [1mrequest[0m[1m{[0m[3mrequest_id[0m[2m=[0m39d15022-36d8-43cf-9ce3-db9f5def5fb8 [3mmethod[0m[2m=[0mPOST [3muri[0m[2m=[0m/vote/submit [3mversion[0m[2m=[0mHTTP/1.1[1m}[0m[2m:[0m [2mtower_http::trace::on_request[0m[2m:[0m started processing request
[2m2026-04-07T22:06:51.470642Z[0m [32m INFO[0m [1mrequest[0m[1m{[0m[3mrequest_id[0m[2m=[0m22224406-dedb-4528-81e4-2273c5c0023b [3mmethod[0m[2m=[0mPOST [3muri[0m[2m=[0m/vote/submit [3mversion[0m[2m=[0mHTTP/1.1[1m}[0m[2m:[0m [2mtower_http::trace::on_request[0m[2m:[0m started processing request
[2m2026-04-07T22:06:51.468740Z[0m [32m INFO[0m [1mrequest[0m[1m{[0m[3mrequest_id[0m[2m=[0m8186f6a2-ee0e-4d2c-b496-6a7b116b98dc [3mmethod[0m[2m=[0mPOST [3muri[0m[2m=[0m/vote/submit [3mversion[0m[2m=[0mHTTP/1.1[1m}[0m[2m:[0m [2mtower_http::trace::on_request[0m[2m:[0m started processing request
[2m2026-04-07T22:06:51.471829Z[0m [32m INFO[0m [1mrequest[0m[1m{[0m[3mrequest_id[0m[2m=[0m5c554248-5131-4069-a475-d3be3fb52969 [3mmethod[0m[2m=[0mPOST [3muri[0m[2m=[0m/vote/submit [3mversion[0m[2m=[0mHTTP/1.1[1m}[0m[2m:[0m [2mtower_http::trace::on_request[0m[2m:[0m started processing request
[2m2026-04-07T22:06:51.472474Z[0m [32m INFO[0m [1mrequest[0m[1m{[0m[3mrequest_id[0m[2m=[0ma589afed-b800-4290-9ec9-467f7700554d [3mmethod[0m[2m=[0mPOST [3muri[0m[2m=[0m/vote/submit [3mversion[0m[2m=[0mHTTP/1.1[1m}[0m[2m:[0m [2mtower_http::trace::on_request[0m[2m:[0m started processing request
[2m2026-04-07T22:06:51.473016Z[0m [32m INFO[0m [1mrequest[0m[1m{[0m[3mrequest_id[0m[2m=[0mdc4b3ef9-77cf-4fd3-b3fc-1ddf731298fe [3mmethod[0m[2m=[0mPOST [3muri[0m[2m=[0m/vote/submit [3mversion[0m[2m=[0mHTTP/1.1[1m}[0m[2m:[0m [2mtower_http::trace::on_request[0m[2m:[0m started processing request
[2m2026-04-07T22:06:51.473688Z[0m [32m INFO[0m [1mrequest[0m[1m{[0m[3mrequest_id[0m[2m=[0m5e250dd1-623b-4837-b5ea-4bc00a143f6b [3mmethod[0m[2m=[0mPOST [3muri[0m[2m=[0m/vote/submit [3mversion[0m[2m=[0mHTTP/1.1[1m}[0m[2m:[0m [2mtower_http::trace::on_request[0m[2m:[0m started processing request
[2m2026-04-07T22:06:51.474650Z[0m [32m INFO[0m [1mrequest[0m[1m{[0m[3mrequest_id[0m[2m=[0ma3812ebc-b925-4118-bbba-f5d7f589d9a3 [3mmethod[0m[2m=[0mPOST [3muri[0m[2m=[0m/vote/submit [3mversion[0m[2m=[0mHTTP/1.1[1m}[0m[2m:[0m [2mtower_http::trace::on_request[0m[2m:[0m started processing request
[2m2026-04-07T22:06:51.475494Z[0m [32m INFO[0m [1mrequest[0m[1m{[0m[3mrequest_id[0m[2m=[0mcf531971-d1ba-45e5-906d-16759bfee1d8 [3mmethod[0m[2m=[0mPOST [3muri[0m[2m=[0m/vote/submit [3mversion[0m[2m=[0mHTTP/1.1[1m}[0m[2m:[0m [2mtower_http::trace::on_request[0m[2m:[0m started processing request
[2m2026-04-07T22:06:51.468682Z[0m [32m INFO[0m [1mrequest[0m[1m{[0m[3mrequest_id[0m[2m=[0me1d0b0b3-dbdb-4897-b8ab-c6c0738237ba [3mmethod[0m[2m=[0mPOST [3muri[0m[2m=[0m/vote/submit [3mversion[0m[2m=[0mHTTP/1.1[1m}[0m[2m:[0m [2mtower_http::trace::on_request[0m[2m:[0m started processing request
[2m2026-04-07T22:06:51.476512Z[0m [32m INFO[0m [1mrequest[0m[1m{[0m[3mrequest_id[0m[2m=[0m621ac697-4764-400a-9f84-59efa889d22c [3mmethod[0m[2m=[0mPOST [3muri[0m[2m=[0m/vote/submit [3mversion[0m[2m=[0mHTTP/1.1[1m}[0m[2m:[0m [2mtower_http::trace::on_request[0m[2m:[0m started processing request
[2m2026-04-07T22:06:51.474650Z[0m [32m INFO[0m [1mrequest[0m[1m{[0m[3mrequest_id[0m[2m=[0m6b8a4531-6d05-43a1-942b-5d3ea4217671 [3mmethod[0m[2m=[0mPOST [3muri[0m[2m=[0m/vote/submit [3mversion[0m[2m=[0mHTTP/1.1[1m}[0m[2m:[0m [2mtower_http::trace::on_request[0m[2m:[0m started processing request
[2m2026-04-07T22:06:51.477488Z[0m [32m INFO[0m [1mrequest[0m[1m{[0m[3mrequest_id[0m[2m=[0madd317dc-d85c-4170-aa71-ac07a49764fc [3mmethod[0m[2m=[0mPOST [3muri[0m[2m=[0m/vote/submit [3mversion[0m[2m=[0mHTTP/1.1[1m}[0m[2m:[0m [2mtower_http::trace::on_request[0m[2m:[0m started processing request
[2m2026-04-07T22:06:51.477642Z[0m [32m INFO[0m [1mrequest[0m[1m{[0m[3mrequest_id[0m[2m=[0m7c00d539-e850-4944-8527-ef7adaed8a31 [3mmethod[0m[2m=[0mPOST [3muri[0m[2m=[0m/vote/submit [3mversion[0m[2m=[0mHTTP/1.1[1m}[0m[2m:[0m [2mtower_http::trace::on_request[0m[2m:[0m started processing request
[2m2026-04-07T22:06:51.477885Z[0m [32m INFO[0m [1mrequest[0m[1m{[0m[3mrequest_id[0m[2m=[0m6e8dc05b-eee1-45c0-8baa-5614d8049e36 [3mmethod[0m[2m=[0mPOST [3muri[0m[2m=[0m/vote/submit [3mversion[0m[2m=[0mHTTP/1.1[1m}[0m[2m:[0m [2mtower_http::trace::on_request[0m[2m:[0m started processing request
[2m2026-04-07T22:06:51.478053Z[0m [32m INFO[0m [1mrequest[0m[1m{[0m[3mrequest_id[0m[2m=[0mf976acef-1a6d-44db-a455-7e8512c478c9 [3mmethod[0m[2m=[0mPOST [3muri[0m[2m=[0m/vote/submit [3mversion[0m[2m=[0mHTTP/1.1[1m}[0m[2m:[0m [2mtower_http::trace::on_request[0m[2m:[0m started processing request
[2m2026-04-07T22:06:51.478302Z[0m [32m INFO[0m [1mrequest[0m[1m{[0m[3mrequest_id[0m[2m=[0mb2d32c84-fd8b-4206-8617-e89594d785be [3mmethod[0m[2m=[0mPOST [3muri[0m[2m=[0m/vote/submit [3mversion[0m[2m=[0mHTTP/1.1[1m}[0m[2m:[0m [2mtower_http::trace::on_request[0m[2m:[0m started processing request
[2m2026-04-07T22:06:51.478617Z[0m [32m INFO[0m [1mrequest[0m[1m{[0m[3mrequest_id[0m[2m=[0mcef82041-4b56-465b-bda4-4a37c9b58fff [3mmethod[0m[2m=[0mPOST [3muri[0m[2m=[0m/vote/submit [3mversion[0m[2m=[0mHTTP/1.1[1m}[0m[2m:[0m [2mtower_http::trace::on_request[0m[2m:[0m started processing request
[2m2026-04-07T22:06:51.479020Z[0m [32m INFO[0m [1mrequest[0m[1m{[0m[3mrequest_id[0m[2m=[0mb56c8521-76c5-44b2-aca3-d40602ac9243 [3mmethod[0m[2m=[0mPOST [3muri[0m[2m=[0m/vote/submit [3mversion[0m[2m=[0mHTTP/1.1[1m}[0m[2m:[0m [2mtower_http::trace::on_request[0m[2m:[0m started processing request
[2m2026-04-07T22:06:51.470660Z[0m [32m INFO[0m [1mrequest[0m[1m{[0m[3mrequest_id[0m[2m=[0m2a34ed7c-f31b-4fc5-a180-dbf48bdacf33 [3mmethod[0m[2m=[0mPOST [3muri[0m[2m=[0m/vote/submit [3mversion[0m[2m=[0mHTTP/1.1[1m}[0m[2m:[0m [2mtower_http::trace::on_request[0m[2m:[0m started processing request
[2m2026-04-07T22:06:51.482103Z[0m [32m INFO[0m [1mrequest[0m[1m{[0m[3mrequest_id[0m[2m=[0m15fd0ff3-b307-4c97-9cd4-7407a92b4383 [3mmethod[0m[2m=[0mPOST [3muri[0m[2m=[0m/vote/submit [3mversion[0m[2m=[0mHTTP/1.1[1m}[0m[2m:[0m [2mtower_http::trace::on_request[0m[2m:[0m started processing request
[2m2026-04-07T22:06:51.479047Z[0m [32m INFO[0m [1mrequest[0m[1m{[0m[3mrequest_id[0m[2m=[0mb164d277-02af-4a05-ae08-1328b5bdcaa6 [3mmethod[0m[2m=[0mPOST [3muri[0m[2m=[0m/vote/submit [3mversion[0m[2m=[0mHTTP/1.1[1m}[0m[2m:[0m [2mtower_http::trace::on_request[0m[2m:[0m started processing request
[2m2026-04-07T22:06:51.482477Z[0m [32m INFO[0m [1mrequest[0m[1m{[0m[3mrequest_id[0m[2m=[0mf096545c-1b9f-4b1d-b7ab-7c91c1a0eb70 [3mmethod[0m[2m=[0mPOST [3muri[0m[2m=[0m/vote/submit [3mversion[0m[2m=[0mHTTP/1.1[1m}[0m[2m:[0m [2mtower_http::trace::on_request[0m[2m:[0m started processing request
[2m2026-04-07T22:06:51.483076Z[0m [32m INFO[0m [1mrequest[0m[1m{[0m[3mrequest_id[0m[2m=[0meb2a036b-7b68-4453-899e-aa1572cfb03c [3mmethod[0m[2m=[0mPOST [3muri[0m[2m=[0m/vote/submit [3mversion[0m[2m=[0mHTTP/1.1[1m}[0m[2m:[0m [2mtower_http::trace::on_request[0m[2m:[0m started processing request
[2m2026-04-07T22:06:51.483152Z[0m [32m INFO[0m [1mrequest[0m[1m{[0m[3mrequest_id[0m[2m=[0ma1b4f159-ddfc-4a43-8359-af65256046d5 [3mmethod[0m[2m=[0mPOST [3muri[0m[2m=[0m/vote/submit [3mversion[0m[2m=[0mHTTP/1.1[1m}[0m[2m:[0m [2mtower_http::trace::on_request[0m[2m:[0m started processing request
[2m2026-04-07T22:06:51.483937Z[0m [32m INFO[0m [1mrequest[0m[1m{[0m[3mrequest_id[0m[2m=[0m9141f72c-f327-44d9-8c5c-10bfc69f15d7 [3mmethod[0m[2m=[0mPOST [3muri[0m[2m=[0m/vote/submit [3mversion[0m[2m=[0mHTTP/1.1[1m}[0m[2m:[0m [2mtower_http::trace::on_request[0m[2m:[0m started processing request
[2m2026-04-07T22:06:51.484409Z[0m [32m INFO[0m [1mrequest[0m[1m{[0m[3mrequest_id[0m[2m=[0mbcf133dd-6e2e-4b9d-b399-f4f07df92436 [3mmethod[0m[2m=[0mPOST [3muri[0m[2m=[0m/vote/submit [3mversion[0m[2m=[0mHTTP/1.1[1m}[0m[2m:[0m [2mtower_http::trace::on_request[0m[2m:[0m started processing request
[2m2026-04-07T22:06:51.484758Z[0m [32m INFO[0m [1mrequest[0m[1m{[0m[3mrequest_id[0m[2m=[0m3fcfd2a5-9fd5-49ef-9e62-0bc9d36e9862 [3mmethod[0m[2m=[0mPOST [3muri[0m[2m=[0m/vote/submit [3mversion[0m[2m=[0mHTTP/1.1[1m}[0m[2m:[0m [2mtower_http::trace::on_request[0m[2m:[0m started processing request
[2m2026-04-07T22:06:51.485251Z[0m [32m INFO[0m [1mrequest[0m[1m{[0m[3mrequest_id[0m[2m=[0m40fe3e58-3f43-463a-836b-8822919e595e [3mmethod[0m[2m=[0mPOST [3muri[0m[2m=[0m/vote/submit [3mversion[0m[2m=[0mHTTP/1.1[1m}[0m[2m:[0m [2mtower_http::trace::on_request[0m[2m:[0m started processing request
[2m2026-04-07T22:06:51.485990Z[0m [32m INFO[0m [1mrequest[0m[1m{[0m[3mrequest_id[0m[2m=[0mc7e274d2-d3d8-4625-a9fd-878d6745b551 [3mmethod[0m[2m=[0mPOST [3muri[0m[2m=[0m/vote/submit [3mversion[0m[2m=[0mHTTP/1.1[1m}[0m[2m:[0m [2mtower_http::trace::on_request[0m[2m:[0m started processing request
[2m2026-04-07T22:06:51.487956Z[0m [32m INFO[0m [1mrequest[0m[1m{[0m[3mrequest_id[0m[2m=[0m0162acea-0233-47ba-b7f8-e7d33c5a4785 [3mmethod[0m[2m=[0mPOST [3muri[0m[2m=[0m/vote/submit [3mversion[0m[2m=[0mHTTP/1.1[1m}[0m[2m:[0m [2mtower_http::trace::on_request[0m[2m:[0m started processing request
[2m2026-04-07T22:06:51.489027Z[0m [32m INFO[0m [1mrequest[0m[1m{[0m[3mrequest_id[0m[2m=[0m09377f24-5f2a-47cd-bb08-f621e90f00d9 [3mmethod[0m[2m=[0mPOST [3muri[0m[2m=[0m/vote/submit [3mversion[0m[2m=[0mHTTP/1.1[1m}[0m[2m:[0m [2mtower_http::trace::on_request[0m[2m:[0m started processing request
[2m2026-04-07T22:06:51.489983Z[0m [32m INFO[0m [1mrequest[0m[1m{[0m[3mrequest_id[0m[2m=[0m6494a9ad-6b68-4f88-8f84-238857b34437 [3mmethod[0m[2m=[0mPOST [3muri[0m[2m=[0m/vote/submit [3mversion[0m[2m=[0mHTTP/1.1[1m}[0m[2m:[0m [2mtower_http::trace::on_request[0m[2m:[0m started processing request
[2m2026-04-07T22:06:51.487988Z[0m [32m INFO[0m [1mrequest[0m[1m{[0m[3mrequest_id[0m[2m=[0mf2c5ecdd-d817-48fd-8dc9-aefa16af47c0 [3mmethod[0m[2m=[0mPOST [3muri[0m[2m=[0m/vote/submit [3mversion[0m[2m=[0mHTTP/1.1[1m}[0m[2m:[0m [2mtower_http::trace::on_request[0m[2m:[0m started processing request
[2m2026-04-07T22:06:51.490757Z[0m [32m INFO[0m [1mrequest[0m[1m{[0m[3mrequest_id[0m[2m=[0m0ed464ec-0988-4b55-b339-f9bc270936be [3mmethod[0m[2m=[0mPOST [3muri[0m[2m=[0m/vote/submit [3mversion[0m[2m=[0mHTTP/1.1[1m}[0m[2m:[0m [2mtower_http::trace::on_request[0m[2m:[0m started processing request
[2m2026-04-07T22:06:51.491124Z[0m [32m INFO[0m [1mrequest[0m[1m{[0m[3mrequest_id[0m[2m=[0m4ed74438-e238-497e-b8ce-93a743ea4093 [3mmethod[0m[2m=[0mPOST [3muri[0m[2m=[0m/vote/submit [3mversion[0m[2m=[0mHTTP/1.1[1m}[0m[2m:[0m [2mtower_http::trace::on_request[0m[2m:[0m started processing request
[2m2026-04-07T22:06:51.491621Z[0m [32m INFO[0m [1mrequest[0m[1m{[0m[3mrequest_id[0m[2m=[0m856a2c26-9490-4836-99c3-028d9ef6b50c [3mmethod[0m[2m=[0mPOST [3muri[0m[2m=[0m/vote/submit [3mversion[0m[2m=[0mHTTP/1.1[1m}[0m[2m:[0m [2mtower_http::trace::on_request[0m[2m:[0m started processing request
[2m2026-04-07T22:06:51.491638Z[0m [32m INFO[0m [1mrequest[0m[1m{[0m[3mrequest_id[0m[2m=[0m89d9f585-8944-4f5f-9b14-8a417a888b4c [3mmethod[0m[2m=[0mPOST [3muri[0m[2m=[0m/vote/submit [3mversion[0m[2m=[0mHTTP/1.1[1m}[0m[2m:[0m [2mtower_http::trace::on_request[0m[2m:[0m started processing request
[2m2026-04-07T22:06:51.491854Z[0m [32m INFO[0m [1mrequest[0m[1m{[0m[3mrequest_id[0m[2m=[0mce0e6a74-b965-448c-a3f8-cfcb3e80d8cd [3mmethod[0m[2m=[0mPOST [3muri[0m[2m=[0m/vote/submit [3mversion[0m[2m=[0mHTTP/1.1[1m}[0m[2m:[0m [2mtower_http::trace::on_request[0m[2m:[0m started processing request
[2m2026-04-07T22:06:51.492463Z[0m [32m INFO[0m [1mrequest[0m[1m{[0m[3mrequest_id[0m[2m=[0mb7c862db-f460-4bfe-835e-34048bb523c1 [3mmethod[0m[2m=[0mPOST [3muri[0m[2m=[0m/vote/submit [3mversion[0m[2m=[0mHTTP/1.1[1m}[0m[2m:[0m [2mtower_http::trace::on_request[0m[2m:[0m started processing request
[2m2026-04-07T22:06:51.492568Z[0m [32m INFO[0m [1mrequest[0m[1m{[0m[3mrequest_id[0m[2m=[0m983435fc-6406-4350-a219-33d147ea19fb [3mmethod[0m[2m=[0mPOST [3muri[0m[2m=[0m/vote/submit [3mversion[0m[2m=[0mHTTP/1.1[1m}[0m[2m:[0m [2mtower_http::trace::on_request[0m[2m:[0m started processing request
[2m2026-04-07T22:06:51.493767Z[0m [32m INFO[0m [1mrequest[0m[1m{[0m[3mrequest_id[0m[2m=[0ma42ea074-9b4e-466f-a8f5-7b1449823a7d [3mmethod[0m[2m=[0mPOST [3muri[0m[2m=[0m/vote/submit [3mversion[0m[2m=[0mHTTP/1.1[1m}[0m[2m:[0m [2mtower_http::trace::on_request[0m[2m:[0m started processing request
[2m2026-04-07T22:06:51.494810Z[0m [32m INFO[0m [1mrequest[0m[1m{[0m[3mrequest_id[0m[2m=[0mbcd690a0-4aa9-4fb8-a8cb-c0c6be4aaeee [3mmethod[0m[2m=[0mPOST [3muri[0m[2m=[0m/vote/submit [3mversion[0m[2m=[0mHTTP/1.1[1m}[0m[2m:[0m [2mtower_http::trace::on_request[0m[2m:[0m started processing request
[2m2026-04-07T22:06:51.495084Z[0m [32m INFO[0m [1mrequest[0m[1m{[0m[3mrequest_id[0m[2m=[0mdf301960-fad5-4b01-96ab-46ddd52e21bd [3mmethod[0m[2m=[0mPOST [3muri[0m[2m=[0m/vote/submit [3mversion[0m[2m=[0mHTTP/1.1[1m}[0m[2m:[0m [2mtower_http::trace::on_request[0m[2m:[0m started processing request
[2m2026-04-07T22:06:51.496448Z[0m [32m INFO[0m [1mrequest[0m[1m{[0m[3mrequest_id[0m[2m=[0m14dd95e4-2851-4b0f-af54-0f9e06f72ef9 [3mmethod[0m[2m=[0mPOST [3muri[0m[2m=[0m/vote/submit [3mversion[0m[2m=[0mHTTP/1.1[1m}[0m[2m:[0m [2mtower_http::trace::on_request[0m[2m:[0m started processing request
[2m2026-04-07T22:06:51.496801Z[0m [32m INFO[0m [1mrequest[0m[1m{[0m[3mrequest_id[0m[2m=[0m4b434589-7dd5-4520-8682-b7d08dac1cb9 [3mmethod[0m[2m=[0mPOST [3muri[0m[2m=[0m/vote/submit [3mversion[0m[2m=[0mHTTP/1.1[1m}[0m[2m:[0m [2mtower_http::trace::on_request[0m[2m:[0m started processing request
[2m2026-04-07T22:06:51.496801Z[0m [32m INFO[0m [1mrequest[0m[1m{[0m[3mrequest_id[0m[2m=[0m6097e070-8ed0-4db3-9fb7-c236b17490aa [3mmethod[0m[2m=[0mPOST [3muri[0m[2m=[0m/vote/submit [3mversion[0m[2m=[0mHTTP/1.1[1m}[0m[2m:[0m [2mtower_http::trace::on_request[0m[2m:[0m started processing request
[2m2026-04-07T22:06:51.497914Z[0m [32m INFO[0m [1mrequest[0m[1m{[0m[3mrequest_id[0m[2m=[0m0332542b-abc9-4ce9-a81a-df527a2e8aa2 [3mmethod[0m[2m=[0mPOST [3muri[0m[2m=[0m/vote/submit [3mversion[0m[2m=[0mHTTP/1.1[1m}[0m[2m:[0m [2mtower_http::trace::on_request[0m[2m:[0m started processing request
[2m2026-04-07T22:06:51.498914Z[0m [32m INFO[0m [1mrequest[0m[1m{[0m[3mrequest_id[0m[2m=[0m8423cb72-fe17-4a1e-939f-844be64ebcae [3mmethod[0m[2m=[0mPOST [3muri[0m[2m=[0m/vote/submit [3mversion[0m[2m=[0mHTTP/1.1[1m}[0m[2m:[0m [2mtower_http::trace::on_request[0m[2m:[0m started processing request
[2m2026-04-07T22:06:51.496874Z[0m [32m INFO[0m [1mrequest[0m[1m{[0m[3mrequest_id[0m[2m=[0m0a495d69-7f03-4120-9b37-eea6bb806d51 [3mmethod[0m[2m=[0mPOST [3muri[0m[2m=[0m/vote/submit [3mversion[0m[2m=[0mHTTP/1.1[1m}[0m[2m:[0m [2mtower_http::trace::on_request[0m[2m:[0m started processing request
[2m2026-04-07T22:06:51.500787Z[0m [32m INFO[0m [1mrequest[0m[1m{[0m[3mrequest_id[0m[2m=[0m7be647b1-63bd-46c4-9581-81947f4f6587 [3mmethod[0m[2m=[0mPOST [3muri[0m[2m=[0m/vote/submit [3mversion[0m[2m=[0mHTTP/1.1[1m}[0m[2m:[0m [2mtower_http::trace::on_request[0m[2m:[0m started processing request
[2m2026-04-07T22:06:51.501195Z[0m [32m INFO[0m [1mrequest[0m[1m{[0m[3mrequest_id[0m[2m=[0m08078fd8-b998-4058-b89d-681ff3130e09 [3mmethod[0m[2m=[0mPOST [3muri[0m[2m=[0m/vote/submit [3mversion[0m[2m=[0mHTTP/1.1[1m}[0m[2m:[0m [2mtower_http::trace::on_request[0m[2m:[0m started processing request
[2m2026-04-07T22:06:51.501695Z[0m [32m INFO[0m [1mrequest[0m[1m{[0m[3mrequest_id[0m[2m=[0m9dbd9001-467d-4c54-859d-3681aa2f10f4 [3mmethod[0m[2m=[0mPOST [3muri[0m[2m=[0m/vote/submit [3mversion[0m[2m=[0mHTTP/1.1[1m}[0m[2m:[0m [2mtower_http::trace::on_request[0m[2m:[0m started processing request
[2m2026-04-07T22:06:51.501900Z[0m [32m INFO[0m [1mrequest[0m[1m{[0m[3mrequest_id[0m[2m=[0m84f05f57-f3db-49b1-99ee-e75dafd1d351 [3mmethod[0m[2m=[0mPOST [3muri[0m[2m=[0m/vote/submit [3mversion[0m[2m=[0mHTTP/1.1[1m}[0m[2m:[0m [2mtower_http::trace::on_request[0m[2m:[0m started processing request
[2m2026-04-07T22:06:51.502478Z[0m [32m INFO[0m [1mrequest[0m[1m{[0m[3mrequest_id[0m[2m=[0me85c6907-01e4-4ca8-865d-347f2368f2e5 [3mmethod[0m[2m=[0mPOST [3muri[0m[2m=[0m/vote/submit [3mversion[0m[2m=[0mHTTP/1.1[1m}[0m[2m:[0m [2mtower_http::trace::on_request[0m[2m:[0m started processing request
[2m2026-04-07T22:06:51.502541Z[0m [32m INFO[0m [1mrequest[0m[1m{[0m[3mrequest_id[0m[2m=[0m6efcb64e-b3c7-4f60-898d-d09e235263d2 [3mmethod[0m[2m=[0mPOST [3muri[0m[2m=[0m/vote/submit [3mversion[0m[2m=[0mHTTP/1.1[1m}[0m[2m:[0m [2mtower_http::trace::on_request[0m[2m:[0m started processing request
[2m2026-04-07T22:06:51.503117Z[0m [32m INFO[0m [1mrequest[0m[1m{[0m[3mrequest_id[0m[2m=[0m61ae79fd-73fc-4e93-ba3b-82c8d19b915c [3mmethod[0m[2m=[0mPOST [3muri[0m[2m=[0m/vote/submit [3mversion[0m[2m=[0mHTTP/1.1[1m}[0m[2m:[0m [2mtower_http::trace::on_request[0m[2m:[0m started processing request
[2m2026-04-07T22:06:51.503341Z[0m [32m INFO[0m [1mrequest[0m[1m{[0m[3mrequest_id[0m[2m=[0m0776dfd4-6c2c-4132-ba9b-157d03f224f7 [3mmethod[0m[2m=[0mPOST [3muri[0m[2m=[0m/vote/submit [3mversion[0m[2m=[0mHTTP/1.1[1m}[0m[2m:[0m [2mtower_http::trace::on_request[0m[2m:[0m started processing request
[2m2026-04-07T22:06:51.504117Z[0m [32m INFO[0m [1mrequest[0m[1m{[0m[3mrequest_id[0m[2m=[0mf68f9ff7-c311-490a-bc76-a437217f78c6 [3mmethod[0m[2m=[0mPOST [3muri[0m[2m=[0m/vote/submit [3mversion[0m[2m=[0mHTTP/1.1[1m}[0m[2m:[0m [2mtower_http::trace::on_request[0m[2m:[0m started processing request
[2m2026-04-07T22:06:51.504187Z[0m [32m INFO[0m [1mrequest[0m[1m{[0m[3mrequest_id[0m[2m=[0m2741db0c-605e-41b5-8fad-9d257e3cd33f [3mmethod[0m[2m=[0mPOST [3muri[0m[2m=[0m/vote/submit [3mversion[0m[2m=[0mHTTP/1.1[1m}[0m[2m:[0m [2mtower_http::trace::on_request[0m[2m:[0m started processing request
[2m2026-04-07T22:06:51.505040Z[0m [32m INFO[0m [1mrequest[0m[1m{[0m[3mrequest_id[0m[2m=[0mcdccaac6-5bef-423f-8372-c96dc2e0e861 [3mmethod[0m[2m=[0mPOST [3muri[0m[2m=[0m/vote/submit [3mversion[0m[2m=[0mHTTP/1.1[1m}[0m[2m:[0m [2mtower_http::trace::on_request[0m[2m:[0m started processing request
[2m2026-04-07T22:06:51.506022Z[0m [32m INFO[0m [1mrequest[0m[1m{[0m[3mrequest_id[0m[2m=[0m1c3773a4-480a-4935-84be-eb747d7c869c [3mmethod[0m[2m=[0mPOST [3muri[0m[2m=[0m/vote/submit [3mversion[0m[2m=[0mHTTP/1.1[1m}[0m[2m:[0m [2mtower_http::trace::on_request[0m[2m:[0m started processing request
[2m2026-04-07T22:06:51.506576Z[0m [32m INFO[0m [1mrequest[0m[1m{[0m[3mrequest_id[0m[2m=[0mc11b238e-04db-42d1-a60a-3571ce89232b [3mmethod[0m[2m=[0mPOST [3muri[0m[2m=[0m/vote/submit [3mversion[0m[2m=[0mHTTP/1.1[1m}[0m[2m:[0m [2mtower_http::trace::on_request[0m[2m:[0m started processing request
[2m2026-04-07T22:06:51.507350Z[0m [32m INFO[0m [1mrequest[0m[1m{[0m[3mrequest_id[0m[2m=[0m160f2196-3656-4418-8042-9ebb57e0ed6b [3mmethod[0m[2m=[0mPOST [3muri[0m[2m=[0m/vote/submit [3mversion[0m[2m=[0mHTTP/1.1[1m}[0m[2m:[0m [2mtower_http::trace::on_request[0m[2m:[0m started processing request
[2m2026-04-07T22:06:51.507427Z[0m [32m INFO[0m [1mrequest[0m[1m{[0m[3mrequest_id[0m[2m=[0mb1a71866-cd69-49c3-adb4-d40b27e46748 [3mmethod[0m[2m=[0mPOST [3muri[0m[2m=[0m/vote/submit [3mversion[0m[2m=[0mHTTP/1.1[1m}[0m[2m:[0m [2mtower_http::trace::on_request[0m[2m:[0m started processing request
[2m2026-04-07T22:06:51.508187Z[0m [32m INFO[0m [1mrequest[0m[1m{[0m[3mrequest_id[0m[2m=[0mcf3dafba-4389-407a-b63b-fb2ae2e1686d [3mmethod[0m[2m=[0mPOST [3muri[0m[2m=[0m/vote/submit [3mversion[0m[2m=[0mHTTP/1.1[1m}[0m[2m:[0m [2mtower_http::trace::on_request[0m[2m:[0m started processing request
[2m2026-04-07T22:06:51.508206Z[0m [32m INFO[0m [1mrequest[0m[1m{[0m[3mrequest_id[0m[2m=[0mc5ef713a-b3f5-47c8-bece-d0bc7892f659 [3mmethod[0m[2m=[0mPOST [3muri[0m[2m=[0m/vote/submit [3mversion[0m[2m=[0mHTTP/1.1[1m}[0m[2m:[0m [2mtower_http::trace::on_request[0m[2m:[0m started processing request
[2m2026-04-07T22:06:51.509188Z[0m [32m INFO[0m [1mrequest[0m[1m{[0m[3mrequest_id[0m[2m=[0ma525d9cc-a02e-4f10-90cb-7857d41b0331 [3mmethod[0m[2m=[0mPOST [3muri[0m[2m=[0m/vote/submit [3mversion[0m[2m=[0mHTTP/1.1[1m}[0m[2m:[0m [2mtower_http::trace::on_request[0m[2m:[0m started processing request
[2m2026-04-07T22:06:51.509236Z[0m [32m INFO[0m [1mrequest[0m[1m{[0m[3mrequest_id[0m[2m=[0mbd388398-ab02-4601-9d07-412e1af466c5 [3mmethod[0m[2m=[0mPOST [3muri[0m[2m=[0m/vote/submit [3mversion[0m[2m=[0mHTTP/1.1[1m}[0m[2m:[0m [2mtower_http::trace::on_request[0m[2m:[0m started processing request
[2m2026-04-07T22:06:51.509799Z[0m [32m INFO[0m [1mrequest[0m[1m{[0m[3mrequest_id[0m[2m=[0mb7c00a0a-b6c1-4a07-a5e1-934b500bbf96 [3mmethod[0m[2m=[0mPOST [3muri[0m[2m=[0m/vote/submit [3mversion[0m[2m=[0mHTTP/1.1[1m}[0m[2m:[0m [2mtower_http::trace::on_request[0m[2m:[0m started processing request
[2m2026-04-07T22:06:51.510094Z[0m [32m INFO[0m [1mrequest[0m[1m{[0m[3mrequest_id[0m[2m=[0m07ebcd26-f163-47d7-b043-b05de8fb6481 [3mmethod[0m[2m=[0mPOST [3muri[0m[2m=[0m/vote/submit [3mversion[0m[2m=[0mHTTP/1.1[1m}[0m[2m:[0m [2mtower_http::trace::on_request[0m[2m:[0m started processing request
[2m2026-04-07T22:06:51.510715Z[0m [32m INFO[0m [1mrequest[0m[1m{[0m[3mrequest_id[0m[2m=[0m823e0a1b-7647-455e-b091-e3e740f01304 [3mmethod[0m[2m=[0mPOST [3muri[0m[2m=[0m/vote/submit [3mversion[0m[2m=[0mHTTP/1.1[1m}[0m[2m:[0m [2mtower_http::trace::on_request[0m[2m:[0m started processing request
[2m2026-04-07T22:06:51.511159Z[0m [32m INFO[0m [1mrequest[0m[1m{[0m[3mrequest_id[0m[2m=[0m9b32f6b3-6ee1-46c7-87fa-b7bf90a145e0 [3mmethod[0m[2m=[0mPOST [3muri[0m[2m=[0m/vote/submit [3mversion[0m[2m=[0mHTTP/1.1[1m}[0m[2m:[0m [2mtower_http::trace::on_request[0m[2m:[0m started processing request
[2m2026-04-07T22:06:51.511360Z[0m [32m INFO[0m [1mrequest[0m[1m{[0m[3mrequest_id[0m[2m=[0m906ecf74-8186-474c-a4bb-de6cdcb4a2a8 [3mmethod[0m[2m=[0mPOST [3muri[0m[2m=[0m/vote/submit [3mversion[0m[2m=[0mHTTP/1.1[1m}[0m[2m:[0m [2mtower_http::trace::on_request[0m[2m:[0m started processing request
[2m2026-04-07T22:06:51.511590Z[0m [32m INFO[0m [1mrequest[0m[1m{[0m[3mrequest_id[0m[2m=[0m6259ceb2-08ff-48b2-9485-3f8261fb5740 [3mmethod[0m[2m=[0mPOST [3muri[0m[2m=[0m/vote/submit [3mversion[0m[2m=[0mHTTP/1.1[1m}[0m[2m:[0m [2mtower_http::trace::on_request[0m[2m:[0m started processing request
[2m2026-04-07T22:06:51.514524Z[0m [32m INFO[0m [1mrequest[0m[1m{[0m[3mrequest_id[0m[2m=[0m31c7c632-1277-4ce1-8b33-db30080e8d3d [3mmethod[0m[2m=[0mPOST [3muri[0m[2m=[0m/vote/submit [3mversion[0m[2m=[0mHTTP/1.1[1m}[0m[2m:[0m [2mtower_http::trace::on_request[0m[2m:[0m started processing request
[2m2026-04-07T22:06:51.514704Z[0m [32m INFO[0m [1mrequest[0m[1m{[0m[3mrequest_id[0m[2m=[0m80cd2748-1c55-4aaa-aa78-7ec4bbe712cc [3mmethod[0m[2m=[0mPOST [3muri[0m[2m=[0m/vote/submit [3mversion[0m[2m=[0mHTTP/1.1[1m}[0m[2m:[0m [2mtower_http::trace::on_request[0m[2m:[0m started processing request
[2m2026-04-07T22:06:51.515713Z[0m [32m INFO[0m [1mrequest[0m[1m{[0m[3mrequest_id[0m[2m=[0m594ceb95-c6e7-4b1d-b51b-262a2592af17 [3mmethod[0m[2m=[0mPOST [3muri[0m[2m=[0m/vote/submit [3mversion[0m[2m=[0mHTTP/1.1[1m}[0m[2m:[0m [2mtower_http::trace::on_request[0m[2m:[0m started processing request
[2m2026-04-07T22:06:51.516629Z[0m [32m INFO[0m [1mrequest[0m[1m{[0m[3mrequest_id[0m[2m=[0m009e0c2d-9d16-4b46-8f4b-49fa87f1d78f [3mmethod[0m[2m=[0mPOST [3muri[0m[2m=[0m/vote/submit [3mversion[0m[2m=[0mHTTP/1.1[1m}[0m[2m:[0m [2mtower_http::trace::on_request[0m[2m:[0m started processing request
[2m2026-04-07T22:06:51.517568Z[0m [32m INFO[0m [1mrequest[0m[1m{[0m[3mrequest_id[0m[2m=[0m80035f08-6ba3-42e7-b6c5-627ff34c159e [3mmethod[0m[2m=[0mPOST [3muri[0m[2m=[0m/vote/submit [3mversion[0m[2m=[0mHTTP/1.1[1m}[0m[2m:[0m [2mtower_http::trace::on_request[0m[2m:[0m started processing request
[2m2026-04-07T22:06:51.518548Z[0m [32m INFO[0m [1mrequest[0m[1m{[0m[3mrequest_id[0m[2m=[0mce388670-ed9f-479c-bf6c-edfd1fba0998 [3mmethod[0m[2m=[0mPOST [3muri[0m[2m=[0m/vote/submit [3mversion[0m[2m=[0mHTTP/1.1[1m}[0m[2m:[0m [2mtower_http::trace::on_request[0m[2m:[0m started processing request
[2m2026-04-07T22:06:51.518791Z[0m [32m INFO[0m [1mrequest[0m[1m{[0m[3mrequest_id[0m[2m=[0m00466b95-9076-4311-a08a-add949e0fddb [3mmethod[0m[2m=[0mPOST [3muri[0m[2m=[0m/vote/submit [3mversion[0m[2m=[0mHTTP/1.1[1m}[0m[2m:[0m [2mtower_http::trace::on_request[0m[2m:[0m started processing request
[2m2026-04-07T22:06:51.544055Z[0m [32m INFO[0m [1mrequest[0m[1m{[0m[3mrequest_id[0m[2m=[0m6c1431df-6ad2-4079-9aa6-1891cd7ac623 [3mmethod[0m[2m=[0mPOST [3muri[0m[2m=[0m/vote/submit [3mversion[0m[2m=[0mHTTP/1.1[1m}[0m[2m:[0m [2msolesigner::services::vote[0m[2m:[0m VOTE_CAST: Vote submitted successfully [3melection_id[0m[2m=[0md43416db-8a11-4e57-bc00-5f160b887843 [3mnullifier[0m[2m=[0md386f12c71339e1c617ab3fd9202ea71ad627af94317547fc293fd22bbb15b5e [3mballot_hash[0m[2m=[0m1dbb43df409c4c421451f6301fbd1cccd41da238d2e86dab6b8652b283797887
[2m2026-04-07T22:06:51.547707Z[0m [32m INFO[0m [1mrequest[0m[1m{[0m[3mrequest_id[0m[2m=[0m6c1431df-6ad2-4079-9aa6-1891cd7ac623 [3mmethod[0m[2m=[0mPOST [3muri[0m[2m=[0m/vote/submit [3mversion[0m[2m=[0mHTTP/1.1[1m}[0m[2m:[0m [2mtower_http::trace::on_response[0m[2m:[0m finished processing request [3mlatency[0m[2m=[0m88 ms [3mstatus[0m[2m=[0m200
[2m2026-04-07T22:06:51.568437Z[0m [32m INFO[0m [1mrequest[0m[1m{[0m[3mrequest_id[0m[2m=[0m188ee830-79bc-43b6-ae4c-c6e89d914e43 [3mmethod[0m[2m=[0mPOST [3muri[0m[2m=[0m/vote/submit [3mversion[0m[2m=[0mHTTP/1.1[1m}[0m[2m:[0m [2msolesigner::services::vote[0m[2m:[0m VOTE_CAST: Vote submitted successfully [3melection_id[0m[2m=[0md43416db-8a11-4e57-bc00-5f160b887843 [3mnullifier[0m[2m=[0mccfe5cd39035e6472a7dc4509dd43ecf8fa76b84d5021f35f0fb94388c4be9ee [3mballot_hash[0m[2m=[0me411d5f4a5ef8620b622a718eb6955221fd0e4b152dd72862fd1c153d9913f9e
[2m2026-04-07T22:06:51.571069Z[0m [32m INFO[0m [1mrequest[0m[1m{[0m[3mrequest_id[0m[2m=[0m188ee830-79bc-43b6-ae4c-c6e89d914e43 [3mmethod[0m[2m=[0mPOST [3muri[0m[2m=[0m/vote/submit [3mversion[0m[2m=[0mHTTP/1.1[1m}[0m[2m:[0m [2mtower_http::trace::on_response[0m[2m:[0m finished processing request [3mlatency[0m[2m=[0m111 ms [3mstatus[0m[2m=[0m200
[2m2026-04-07T22:06:51.628292Z[0m [32m INFO[0m [1mrequest[0m[1m{[0m[3mrequest_id[0m[2m=[0m7e081333-3660-42ef-8db6-8e723f6ebc35 [3mmethod[0m[2m=[0mPOST [3muri[0m[2m=[0m/vote/submit [3mversion[0m[2m=[0mHTTP/1.1[1m}[0m[2m:[0m [2msolesigner::services::vote[0m[2m:[0m VOTE_CAST: Vote submitted successfully [3melection_id[0m[2m=[0md43416db-8a11-4e57-bc00-5f160b887843 [3mnullifier[0m[2m=[0mdfce57ecc1496ce0599c8b82e3a15b33c746306b21f67b1eafa8dc88494fc0d7 [3mballot_hash[0m[2m=[0mac3e57fd88b1fa08bdef213a4664f5a69af1ec0c0d81f7b3509337dd58d8b42a
[2m2026-04-07T22:06:51.630568Z[0m [32m INFO[0m [1mrequest[0m[1m{[0m[3mrequest_id[0m[2m=[0m7e081333-3660-42ef-8db6-8e723f6ebc35 [3mmethod[0m[2m=[0mPOST [3muri[0m[2m=[0m/vote/submit [3mversion[0m[2m=[0mHTTP/1.1[1m}[0m[2m:[0m [2mtower_http::trace::on_response[0m[2m:[0m finished processing request [3mlatency[0m[2m=[0m169 ms [3mstatus[0m[2m=[0m200
[2m2026-04-07T22:06:51.650064Z[0m [32m INFO[0m [1mrequest[0m[1m{[0m[3mrequest_id[0m[2m=[0me015ab46-9c21-4096-ae94-5871d9c0b9f1 [3mmethod[0m[2m=[0mPOST [3muri[0m[2m=[0m/vote/submit [3mversion[0m[2m=[0mHTTP/1.1[1m}[0m[2m:[0m [2msolesigner::services::vote[0m[2m:[0m VOTE_CAST: Vote submitted successfully [3melection_id[0m[2m=[0md43416db-8a11-4e57-bc00-5f160b887843 [3mnullifier[0m[2m=[0mbb89b5aea85afe0b1a40902d9adba2a313eb841cbc8ffbfb54cc8f4c11fef86c [3mballot_hash[0m[2m=[0m559e34d1d57101a836ae70299547c5ef7c5b09e3967e8da1394daf6045f5299f
[2m2026-04-07T22:06:51.652713Z[0m [32m INFO[0m [1mrequest[0m[1m{[0m[3mrequest_id[0m[2m=[0me015ab46-9c21-4096-ae94-5871d9c0b9f1 [3mmethod[0m[2m=[0mPOST [3muri[0m[2m=[0m/vote/submit [3mversion[0m[2m=[0mHTTP/1.1[1m}[0m[2m:[0m [2mtower_http::trace::on_response[0m[2m:[0m finished processing request [3mlatency[0m[2m=[0m190 ms [3mstatus[0m[2m=[0m200
[2m2026-04-07T22:06:51.672293Z[0m [32m INFO[0m [1mrequest[0m[1m{[0m[3mrequest_id[0m[2m=[0m4b9fab6d-404a-4514-b5d9-03d10635733a [3mmethod[0m[2m=[0mPOST [3muri[0m[2m=[0m/vote/submit [3mversion[0m[2m=[0mHTTP/1.1[1m}[0m[2m:[0m [2msolesigner::services::vote[0m[2m:[0m VOTE_CAST: Vote submitted successfully [3melection_id[0m[2m=[0md43416db-8a11-4e57-bc00-5f160b887843 [3mnullifier[0m[2m=[0m5e8423bf02681b303b31953c120262625c70a5aca7f4dddee11bd9d5ed146526 [3mballot_hash[0m[2m=[0mcfecf97cdf5ee6085975cbc4d37a0473893270a6bb8322c3848e90cf64a28557
[2m2026-04-07T22:06:51.674882Z[0m [32m INFO[0m [1mrequest[0m[1m{[0m[3mrequest_id[0m[2m=[0m4b9fab6d-404a-4514-b5d9-03d10635733a [3mmethod[0m[2m=[0mPOST [3muri[0m[2m=[0m/vote/submit [3mversion[0m[2m=[0mHTTP/1.1[1m}[0m[2m:[0m [2mtower_http::trace::on_response[0m[2m:[0m finished processing request [3mlatency[0m[2m=[0m213 ms [3mstatus[0m[2m=[0m200
[2m2026-04-07T22:06:51.676306Z[0m [32m INFO[0m [1mrequest[0m[1m{[0m[3mrequest_id[0m[2m=[0m71d3f2b1-0a1c-4b40-bb5a-5a96853e69b3 [3mmethod[0m[2m=[0mPOST [3muri[0m[2m=[0m/vote/submit [3mversion[0m[2m=[0mHTTP/1.1[1m}[0m[2m:[0m [2msolesigner::services::vote[0m[2m:[0m VOTE_CAST: Vote submitted successfully [3melection_id[0m[2m=[0md43416db-8a11-4e57-bc00-5f160b887843 [3mnullifier[0m[2m=[0mfee99cfaac4ffd38584ebeb0c0503a027be179a9d24f2442482b797a3f9441dd [3mballot_hash[0m[2m=[0m14aa198632f621d522a3553da22478976c14aa4a4d79970151ccefd00f728189
[2m2026-04-07T22:06:51.678277Z[0m [32m INFO[0m [1mrequest[0m[1m{[0m[3mrequest_id[0m[2m=[0m71d3f2b1-0a1c-4b40-bb5a-5a96853e69b3 [3mmethod[0m[2m=[0mPOST [3muri[0m[2m=[0m/vote/submit [3mversion[0m[2m=[0mHTTP/1.1[1m}[0m[2m:[0m [2mtower_http::trace::on_response[0m[2m:[0m finished processing request [3mlatency[0m[2m=[0m215 ms [3mstatus[0m[2m=[0m200
[2m2026-04-07T22:06:51.688907Z[0m [32m INFO[0m [1mrequest[0m[1m{[0m[3mrequest_id[0m[2m=[0m8a956897-a6f1-407b-a507-e48bc8176823 [3mmethod[0m[2m=[0mPOST [3muri[0m[2m=[0m/vote/submit [3mversion[0m[2m=[0mHTTP/1.1[1m}[0m[2m:[0m [2msolesigner::services::vote[0m[2m:[0m VOTE_CAST: Vote submitted successfully [3melection_id[0m[2m=[0md43416db-8a11-4e57-bc00-5f160b887843 [3mnullifier[0m[2m=[0mcaddc8565a6f64cb38a2490bc25ba864c7fd60b63fcdf84ed8ef8eaf24dd83b7 [3mballot_hash[0m[2m=[0mbb469a5e3fb32d566bdeb4a4665306ad2aa0043d50fe5cad4392cd1a59ae62a0
[2m2026-04-07T22:06:51.695611Z[0m [32m INFO[0m [1mrequest[0m[1m{[0m[3mrequest_id[0m[2m=[0m8a956897-a6f1-407b-a507-e48bc8176823 [3mmethod[0m[2m=[0mPOST [3muri[0m[2m=[0m/vote/submit [3mversion[0m[2m=[0mHTTP/1.1[1m}[0m[2m:[0m [2mtower_http::trace::on_response[0m[2m:[0m finished processing request [3mlatency[0m[2m=[0m236 ms [3mstatus[0m[2m=[0m200
[2m2026-04-07T22:06:51.696750Z[0m [32m INFO[0m [1mrequest[0m[1m{[0m[3mrequest_id[0m[2m=[0mcbb0ac18-a916-4bf8-b3db-58368b48b5a2 [3mmethod[0m[2m=[0mPOST [3muri[0m[2m=[0m/vote/submit [3mversion[0m[2m=[0mHTTP/1.1[1m}[0m[2m:[0m [2msolesigner::services::vote[0m[2m:[0m VOTE_CAST: Vote submitted successfully [3melection_id[0m[2m=[0md43416db-8a11-4e57-bc00-5f160b887843 [3mnullifier[0m[2m=[0m693ba7727ff8808864981654abba004f2fb904706409fac172917ee2c38f9a67 [3mballot_hash[0m[2m=[0m0d8ca46999e632389d31609b4597ddc198cca945b351d9e0c09c14f627f1e316
[2m2026-04-07T22:06:51.699827Z[0m [32m INFO[0m [1mrequest[0m[1m{[0m[3mrequest_id[0m[2m=[0mcbb0ac18-a916-4bf8-b3db-58368b48b5a2 [3mmethod[0m[2m=[0mPOST [3muri[0m[2m=[0m/vote/submit [3mversion[0m[2m=[0mHTTP/1.1[1m}[0m[2m:[0m [2mtower_http::trace::on_response[0m[2m:[0m finished processing request [3mlatency[0m[2m=[0m238 ms [3mstatus[0m[2m=[0m200
[2m2026-04-07T22:06:51.706542Z[0m [32m INFO[0m [1mrequest[0m[1m{[0m[3mrequest_id[0m[2m=[0m92170810-01d0-4ff5-8c3c-1f0f376a5a7d [3mmethod[0m[2m=[0mPOST [3muri[0m[2m=[0m/vote/submit [3mversion[0m[2m=[0mHTTP/1.1[1m}[0m[2m:[0m [2msolesigner::services::vote[0m[2m:[0m VOTE_CAST: Vote submitted successfully [3melection_id[0m[2m=[0md43416db-8a11-4e57-bc00-5f160b887843 [3mnullifier[0m[2m=[0m524333fc8aa618d937b8e84503509df015ea8f7ad3a2c1abebb541cbf61a9505 [3mballot_hash[0m[2m=[0m8c77ecc22a10674941f3ae6c384f8cfad08e56415e3044c8f5717f6767b59343
[2m2026-04-07T22:06:51.711012Z[0m [32m INFO[0m [1mrequest[0m[1m{[0m[3mrequest_id[0m[2m=[0m92170810-01d0-4ff5-8c3c-1f0f376a5a7d [3mmethod[0m[2m=[0mPOST [3muri[0m[2m=[0m/vote/submit [3mversion[0m[2m=[0mHTTP/1.1[1m}[0m[2m:[0m [2mtower_http::trace::on_response[0m[2m:[0m finished processing request [3mlatency[0m[2m=[0m243 ms [3mstatus[0m[2m=[0m200
[2m2026-04-07T22:06:51.711361Z[0m [32m INFO[0m [1mrequest[0m[1m{[0m[3mrequest_id[0m[2m=[0m9d2138bc-a8b1-4a94-9509-310c0046d850 [3mmethod[0m[2m=[0mPOST [3muri[0m[2m=[0m/vote/submit [3mversion[0m[2m=[0mHTTP/1.1[1m}[0m[2m:[0m [2msolesigner::services::vote[0m[2m:[0m VOTE_CAST: Vote submitted successfully [3melection_id[0m[2m=[0md43416db-8a11-4e57-bc00-5f160b887843 [3mnullifier[0m[2m=[0mafce519d39c2acd0e46d24b6deb455c01653fc33a2e645339b764faf8045ff56 [3mballot_hash[0m[2m=[0m283cdbecd21f8bcbee3241e1dcbbd78a3989296a3e99b3d859802da21333d7f3
[2m2026-04-07T22:06:51.713614Z[0m [32m INFO[0m [1mrequest[0m[1m{[0m[3mrequest_id[0m[2m=[0m9d2138bc-a8b1-4a94-9509-310c0046d850 [3mmethod[0m[2m=[0mPOST [3muri[0m[2m=[0m/vote/submit [3mversion[0m[2m=[0mHTTP/1.1[1m}[0m[2m:[0m [2mtower_http::trace::on_response[0m[2m:[0m finished processing request [3mlatency[0m[2m=[0m245 ms [3mstatus[0m[2m=[0m200
[2m2026-04-07T22:06:51.716268Z[0m [32m INFO[0m [1mrequest[0m[1m{[0m[3mrequest_id[0m[2m=[0m1b51fc5d-58e1-48d9-93b3-cd06713f2c95 [3mmethod[0m[2m=[0mPOST [3muri[0m[2m=[0m/vote/submit [3mversion[0m[2m=[0mHTTP/1.1[1m}[0m[2m:[0m [2msolesigner::services::vote[0m[2m:[0m VOTE_CAST: Vote submitted successfully [3melection_id[0m[2m=[0md43416db-8a11-4e57-bc00-5f160b887843 [3mnullifier[0m[2m=[0m251f1feacf76e4ec3230aa883bba26dc5a325c93b76698364e8958b31a252017 [3mballot_hash[0m[2m=[0m89c747ac51319efa228a38e28eef79e9079c432dc96e344eef40f0540840e7d0
[2m2026-04-07T22:06:51.718608Z[0m [32m INFO[0m [1mrequest[0m[1m{[0m[3mrequest_id[0m[2m=[0m1b51fc5d-58e1-48d9-93b3-cd06713f2c95 [3mmethod[0m[2m=[0mPOST [3muri[0m[2m=[0m/vote/submit [3mversion[0m[2m=[0mHTTP/1.1[1m}[0m[2m:[0m [2mtower_http::trace::on_response[0m[2m:[0m finished processing request [3mlatency[0m[2m=[0m249 ms [3mstatus[0m[2m=[0m200
[2m2026-04-07T22:06:51.722166Z[0m [32m INFO[0m [1mrequest[0m[1m{[0m[3mrequest_id[0m[2m=[0m2c1bcc55-6479-4cee-9a99-4d1c3c06c66c [3mmethod[0m[2m=[0mPOST [3muri[0m[2m=[0m/vote/submit [3mversion[0m[2m=[0mHTTP/1.1[1m}[0m[2m:[0m [2msolesigner::services::vote[0m[2m:[0m VOTE_CAST: Vote submitted successfully [3melection_id[0m[2m=[0md43416db-8a11-4e57-bc00-5f160b887843 [3mnullifier[0m[2m=[0m1f7259a628f08605329f856e275a83f26a75617fb2b48694a15e9043a50ed535 [3mballot_hash[0m[2m=[0mb7177588ff89cdae00667792ff278d18e07eedd0df72fe8a925f3aa98b11eb6a
[2m2026-04-07T22:06:51.724331Z[0m [32m INFO[0m [1mrequest[0m[1m{[0m[3mrequest_id[0m[2m=[0m2c1bcc55-6479-4cee-9a99-4d1c3c06c66c [3mmethod[0m[2m=[0mPOST [3muri[0m[2m=[0m/vote/submit [3mversion[0m[2m=[0mHTTP/1.1[1m}[0m[2m:[0m [2mtower_http::trace::on_response[0m[2m:[0m finished processing request [3mlatency[0m[2m=[0m255 ms [3mstatus[0m[2m=[0m200
[2m2026-04-07T22:06:51.726154Z[0m [32m INFO[0m [1mrequest[0m[1m{[0m[3mrequest_id[0m[2m=[0m8cb0c12a-8170-4dd6-8fe1-0238b5107f8d [3mmethod[0m[2m=[0mPOST [3muri[0m[2m=[0m/vote/submit [3mversion[0m[2m=[0mHTTP/1.1[1m}[0m[2m:[0m [2msolesigner::services::vote[0m[2m:[0m VOTE_CAST: Vote submitted successfully [3melection_id[0m[2m=[0md43416db-8a11-4e57-bc00-5f160b887843 [3mnullifier[0m[2m=[0m26a939612073d9bd4fa3f7e5372088f9e897af3a0b91fad78e7d75dfc1949c44 [3mballot_hash[0m[2m=[0mf1673d1c80b4df56b4b4d13773cc5820e492615128d949ffee54da954fb521aa
[2m2026-04-07T22:06:51.728911Z[0m [32m INFO[0m [1mrequest[0m[1m{[0m[3mrequest_id[0m[2m=[0m8cb0c12a-8170-4dd6-8fe1-0238b5107f8d [3mmethod[0m[2m=[0mPOST [3muri[0m[2m=[0m/vote/submit [3mversion[0m[2m=[0mHTTP/1.1[1m}[0m[2m:[0m [2mtower_http::trace::on_response[0m[2m:[0m finished processing request [3mlatency[0m[2m=[0m259 ms [3mstatus[0m[2m=[0m200
[2m2026-04-07T22:06:51.731236Z[0m [32m INFO[0m [1mrequest[0m[1m{[0m[3mrequest_id[0m[2m=[0m2d38ce74-36ed-4a6f-b6c9-2f77503e30ca [3mmethod[0m[2m=[0mPOST [3muri[0m[2m=[0m/vote/submit [3mversion[0m[2m=[0mHTTP/1.1[1m}[0m[2m:[0m [2msolesigner::services::vote[0m[2m:[0m VOTE_CAST: Vote submitted successfully [3melection_id[0m[2m=[0md43416db-8a11-4e57-bc00-5f160b887843 [3mnullifier[0m[2m=[0md4f5511ec09bede790f91dabb15a4628a7d1468cbbf452ae656913844f18c4ea [3mballot_hash[0m[2m=[0m1e323138087f6e11cbf0acc24577977b9b3d31f46656aa961452a6eea4237f10
[2m2026-04-07T22:06:51.734148Z[0m [32m INFO[0m [1mrequest[0m[1m{[0m[3mrequest_id[0m[2m=[0m2d38ce74-36ed-4a6f-b6c9-2f77503e30ca [3mmethod[0m[2m=[0mPOST [3muri[0m[2m=[0m/vote/submit [3mversion[0m[2m=[0mHTTP/1.1[1m}[0m[2m:[0m [2mtower_http::trace::on_response[0m[2m:[0m finished processing request [3mlatency[0m[2m=[0m264 ms [3mstatus[0m[2m=[0m200
[2m2026-04-07T22:06:51.735969Z[0m [32m INFO[0m [1mrequest[0m[1m{[0m[3mrequest_id[0m[2m=[0m8186f6a2-ee0e-4d2c-b496-6a7b116b98dc [3mmethod[0m[2m=[0mPOST [3muri[0m[2m=[0m/vote/submit [3mversion[0m[2m=[0mHTTP/1.1[1m}[0m[2m:[0m [2msolesigner::services::vote[0m[2m:[0m VOTE_CAST: Vote submitted successfully [3melection_id[0m[2m=[0md43416db-8a11-4e57-bc00-5f160b887843 [3mnullifier[0m[2m=[0mef18d74d241dc617899b33055b812c787b32351e69a1273f100fe418ca5b7af1 [3mballot_hash[0m[2m=[0mc7a5369b8fae1e96168beb2c2486f39c64c71441729470b2868fa91aae5a00ad
[2m2026-04-07T22:06:51.738821Z[0m [32m INFO[0m [1mrequest[0m[1m{[0m[3mrequest_id[0m[2m=[0m8186f6a2-ee0e-4d2c-b496-6a7b116b98dc [3mmethod[0m[2m=[0mPOST [3muri[0m[2m=[0m/vote/submit [3mversion[0m[2m=[0mHTTP/1.1[1m}[0m[2m:[0m [2mtower_http::trace::on_response[0m[2m:[0m finished processing request [3mlatency[0m[2m=[0m270 ms [3mstatus[0m[2m=[0m200
[2m2026-04-07T22:06:51.740342Z[0m [32m INFO[0m [1mrequest[0m[1m{[0m[3mrequest_id[0m[2m=[0m39d15022-36d8-43cf-9ce3-db9f5def5fb8 [3mmethod[0m[2m=[0mPOST [3muri[0m[2m=[0m/vote/submit [3mversion[0m[2m=[0mHTTP/1.1[1m}[0m[2m:[0m [2msolesigner::services::vote[0m[2m:[0m VOTE_CAST: Vote submitted successfully [3melection_id[0m[2m=[0md43416db-8a11-4e57-bc00-5f160b887843 [3mnullifier[0m[2m=[0m4c97d486bf2693acec72330f2bca086bc6fd9e92b76898f2cd0512457387c6f4 [3mballot_hash[0m[2m=[0m58c0142e6630ed8cf59e8d6997dd14c7eb2b34d7530c0502c967798a7743a432
[2m2026-04-07T22:06:51.742884Z[0m [32m INFO[0m [1mrequest[0m[1m{[0m[3mrequest_id[0m[2m=[0m39d15022-36d8-43cf-9ce3-db9f5def5fb8 [3mmethod[0m[2m=[0mPOST [3muri[0m[2m=[0m/vote/submit [3mversion[0m[2m=[0mHTTP/1.1[1m}[0m[2m:[0m [2mtower_http::trace::on_response[0m[2m:[0m finished processing request [3mlatency[0m[2m=[0m273 ms [3mstatus[0m[2m=[0m200
[2m2026-04-07T22:06:51.744625Z[0m [32m INFO[0m [1mrequest[0m[1m{[0m[3mrequest_id[0m[2m=[0m5c554248-5131-4069-a475-d3be3fb52969 [3mmethod[0m[2m=[0mPOST [3muri[0m[2m=[0m/vote/submit [3mversion[0m[2m=[0mHTTP/1.1[1m}[0m[2m:[0m [2msolesigner::services::vote[0m[2m:[0m VOTE_CAST: Vote submitted successfully [3melection_id[0m[2m=[0md43416db-8a11-4e57-bc00-5f160b887843 [3mnullifier[0m[2m=[0m82486c79d5c45730c57a9ef6bdf617899f734406246308c03416e59af4326d74 [3mballot_hash[0m[2m=[0m0084e132a52b05bbbb7c052cb988f4b3e1923deeb0a540d22ce978d556eb45d4
[2m2026-04-07T22:06:51.747098Z[0m [32m INFO[0m [1mrequest[0m[1m{[0m[3mrequest_id[0m[2m=[0m5c554248-5131-4069-a475-d3be3fb52969 [3mmethod[0m[2m=[0mPOST [3muri[0m[2m=[0m/vote/submit [3mversion[0m[2m=[0mHTTP/1.1[1m}[0m[2m:[0m [2mtower_http::trace::on_response[0m[2m:[0m finished processing request [3mlatency[0m[2m=[0m275 ms [3mstatus[0m[2m=[0m200
[2m2026-04-07T22:06:51.749749Z[0m [32m INFO[0m [1mrequest[0m[1m{[0m[3mrequest_id[0m[2m=[0ma589afed-b800-4290-9ec9-467f7700554d [3mmethod[0m[2m=[0mPOST [3muri[0m[2m=[0m/vote/submit [3mversion[0m[2m=[0mHTTP/1.1[1m}[0m[2m:[0m [2msolesigner::services::vote[0m[2m:[0m VOTE_CAST: Vote submitted successfully [3melection_id[0m[2m=[0md43416db-8a11-4e57-bc00-5f160b887843 [3mnullifier[0m[2m=[0m43283f9cf92f542f531b7b7e6b6e8633936bdde2ea9dc03586d840cc5e182c63 [3mballot_hash[0m[2m=[0m2591743e5413a1a6f242f5a51254c220802c077c432ef2acbdfba14867aca7ee
[2m2026-04-07T22:06:51.753598Z[0m [32m INFO[0m [1mrequest[0m[1m{[0m[3mrequest_id[0m[2m=[0ma589afed-b800-4290-9ec9-467f7700554d [3mmethod[0m[2m=[0mPOST [3muri[0m[2m=[0m/vote/submit [3mversion[0m[2m=[0mHTTP/1.1[1m}[0m[2m:[0m [2mtower_http::trace::on_response[0m[2m:[0m finished processing request [3mlatency[0m[2m=[0m281 ms [3mstatus[0m[2m=[0m200
[2m2026-04-07T22:06:51.755403Z[0m [32m INFO[0m [1mrequest[0m[1m{[0m[3mrequest_id[0m[2m=[0m22224406-dedb-4528-81e4-2273c5c0023b [3mmethod[0m[2m=[0mPOST [3muri[0m[2m=[0m/vote/submit [3mversion[0m[2m=[0mHTTP/1.1[1m}[0m[2m:[0m [2msolesigner::services::vote[0m[2m:[0m VOTE_CAST: Vote submitted successfully [3melection_id[0m[2m=[0md43416db-8a11-4e57-bc00-5f160b887843 [3mnullifier[0m[2m=[0mbbbc758b4342954e5a7d78400a86a1d305e3b7864d0372fbe191244ba4003a45 [3mballot_hash[0m[2m=[0maa65463ca652f7591f54d7e593df192a9550d077134a99681dd9a8721271ca3a
[2m2026-04-07T22:06:51.757876Z[0m [32m INFO[0m [1mrequest[0m[1m{[0m[3mrequest_id[0m[2m=[0m22224406-dedb-4528-81e4-2273c5c0023b [3mmethod[0m[2m=[0mPOST [3muri[0m[2m=[0m/vote/submit [3mversion[0m[2m=[0mHTTP/1.1[1m}[0m[2m:[0m [2mtower_http::trace::on_response[0m[2m:[0m finished processing request [3mlatency[0m[2m=[0m287 ms [3mstatus[0m[2m=[0m200
[2m2026-04-07T22:06:51.760522Z[0m [32m INFO[0m [1mrequest[0m[1m{[0m[3mrequest_id[0m[2m=[0m5e250dd1-623b-4837-b5ea-4bc00a143f6b [3mmethod[0m[2m=[0mPOST [3muri[0m[2m=[0m/vote/submit [3mversion[0m[2m=[0mHTTP/1.1[1m}[0m[2m:[0m [2msolesigner::services::vote[0m[2m:[0m VOTE_CAST: Vote submitted successfully [3melection_id[0m[2m=[0md43416db-8a11-4e57-bc00-5f160b887843 [3mnullifier[0m[2m=[0m36eeb1f38d2ea8797da39a0dd77ddc340dc97e4086f8e6f8c2a19f4ec9150602 [3mballot_hash[0m[2m=[0m946cfe7939de43c12fc8aa62f61177229734ae8ea94555f2956e138ade572cad
[2m2026-04-07T22:06:51.763122Z[0m [32m INFO[0m [1mrequest[0m[1m{[0m[3mrequest_id[0m[2m=[0m5e250dd1-623b-4837-b5ea-4bc00a143f6b [3mmethod[0m[2m=[0mPOST [3muri[0m[2m=[0m/vote/submit [3mversion[0m[2m=[0mHTTP/1.1[1m}[0m[2m:[0m [2mtower_http::trace::on_response[0m[2m:[0m finished processing request [3mlatency[0m[2m=[0m289 ms [3mstatus[0m[2m=[0m200
[2m2026-04-07T22:06:51.765169Z[0m [32m INFO[0m [1mrequest[0m[1m{[0m[3mrequest_id[0m[2m=[0mdc4b3ef9-77cf-4fd3-b3fc-1ddf731298fe [3mmethod[0m[2m=[0mPOST [3muri[0m[2m=[0m/vote/submit [3mversion[0m[2m=[0mHTTP/1.1[1m}[0m[2m:[0m [2msolesigner::services::vote[0m[2m:[0m VOTE_CAST: Vote submitted successfully [3melection_id[0m[2m=[0md43416db-8a11-4e57-bc00-5f160b887843 [3mnullifier[0m[2m=[0mae090388a55f8c5db5d508bf75057efad1d79e91c42789c24b3912a47539727e [3mballot_hash[0m[2m=[0m4c241047be73af58d07b46bd40b02e27473f36c06c27690fd76ed91ec6f7ba3c
[2m2026-04-07T22:06:51.767385Z[0m [32m INFO[0m [1mrequest[0m[1m{[0m[3mrequest_id[0m[2m=[0mdc4b3ef9-77cf-4fd3-b3fc-1ddf731298fe [3mmethod[0m[2m=[0mPOST [3muri[0m[2m=[0m/vote/submit [3mversion[0m[2m=[0mHTTP/1.1[1m}[0m[2m:[0m [2mtower_http::trace::on_response[0m[2m:[0m finished processing request [3mlatency[0m[2m=[0m294 ms [3mstatus[0m[2m=[0m200
[2m2026-04-07T22:06:51.770340Z[0m [32m INFO[0m [1mrequest[0m[1m{[0m[3mrequest_id[0m[2m=[0mcf531971-d1ba-45e5-906d-16759bfee1d8 [3mmethod[0m[2m=[0mPOST [3muri[0m[2m=[0m/vote/submit [3mversion[0m[2m=[0mHTTP/1.1[1m}[0m[2m:[0m [2msolesigner::services::vote[0m[2m:[0m VOTE_CAST: Vote submitted successfully [3melection_id[0m[2m=[0md43416db-8a11-4e57-bc00-5f160b887843 [3mnullifier[0m[2m=[0m8d255ed4745fdaca239ca356d215409f49d4bcf434e7cf250b7a43dc72bfaf62 [3mballot_hash[0m[2m=[0m0b4a5f7d5c567cd9d8ee3f8e7b93631a576e94da4817c4e0084bb3192800cf33
[2m2026-04-07T22:06:51.774128Z[0m [32m INFO[0m [1mrequest[0m[1m{[0m[3mrequest_id[0m[2m=[0mcf531971-d1ba-45e5-906d-16759bfee1d8 [3mmethod[0m[2m=[0mPOST [3muri[0m[2m=[0m/vote/submit [3mversion[0m[2m=[0mHTTP/1.1[1m}[0m[2m:[0m [2mtower_http::trace::on_response[0m[2m:[0m finished processing request [3mlatency[0m[2m=[0m298 ms [3mstatus[0m[2m=[0m200
[2m2026-04-07T22:06:51.775555Z[0m [32m INFO[0m [1mrequest[0m[1m{[0m[3mrequest_id[0m[2m=[0ma3812ebc-b925-4118-bbba-f5d7f589d9a3 [3mmethod[0m[2m=[0mPOST [3muri[0m[2m=[0m/vote/submit [3mversion[0m[2m=[0mHTTP/1.1[1m}[0m[2m:[0m [2msolesigner::services::vote[0m[2m:[0m VOTE_CAST: Vote submitted successfully [3melection_id[0m[2m=[0md43416db-8a11-4e57-bc00-5f160b887843 [3mnullifier[0m[2m=[0m3b230dc33ae782b19419de09943fcfc06d858d0d9cd71bcecbeb90619202466b [3mballot_hash[0m[2m=[0md3475a8a2baaf4a595e6b4fad1ee8cd3a33c19cc891ed468e2de88b8a81eea3b
[2m2026-04-07T22:06:51.778227Z[0m [32m INFO[0m [1mrequest[0m[1m{[0m[3mrequest_id[0m[2m=[0ma3812ebc-b925-4118-bbba-f5d7f589d9a3 [3mmethod[0m[2m=[0mPOST [3muri[0m[2m=[0m/vote/submit [3mversion[0m[2m=[0mHTTP/1.1[1m}[0m[2m:[0m [2mtower_http::trace::on_response[0m[2m:[0m finished processing request [3mlatency[0m[2m=[0m303 ms [3mstatus[0m[2m=[0m200
[2m2026-04-07T22:06:51.780404Z[0m [32m INFO[0m [1mrequest[0m[1m{[0m[3mrequest_id[0m[2m=[0me1d0b0b3-dbdb-4897-b8ab-c6c0738237ba [3mmethod[0m[2m=[0mPOST [3muri[0m[2m=[0m/vote/submit [3mversion[0m[2m=[0mHTTP/1.1[1m}[0m[2m:[0m [2msolesigner::services::vote[0m[2m:[0m VOTE_CAST: Vote submitted successfully [3melection_id[0m[2m=[0md43416db-8a11-4e57-bc00-5f160b887843 [3mnullifier[0m[2m=[0m4b3720b67c96e8bc3a26e056c56648a128b831d187bf630df2fff2ad10b3db66 [3mballot_hash[0m[2m=[0mc6a0fce875b0eb302b207f6a4cb14ef4795a237e71f3057e26762cf6170c51eb
[2m2026-04-07T22:06:51.783074Z[0m [32m INFO[0m [1mrequest[0m[1m{[0m[3mrequest_id[0m[2m=[0me1d0b0b3-dbdb-4897-b8ab-c6c0738237ba [3mmethod[0m[2m=[0mPOST [3muri[0m[2m=[0m/vote/submit [3mversion[0m[2m=[0mHTTP/1.1[1m}[0m[2m:[0m [2mtower_http::trace::on_response[0m[2m:[0m finished processing request [3mlatency[0m[2m=[0m314 ms [3mstatus[0m[2m=[0m200
[2m2026-04-07T22:06:51.785142Z[0m [32m INFO[0m [1mrequest[0m[1m{[0m[3mrequest_id[0m[2m=[0m621ac697-4764-400a-9f84-59efa889d22c [3mmethod[0m[2m=[0mPOST [3muri[0m[2m=[0m/vote/submit [3mversion[0m[2m=[0mHTTP/1.1[1m}[0m[2m:[0m [2msolesigner::services::vote[0m[2m:[0m VOTE_CAST: Vote submitted successfully [3melection_id[0m[2m=[0md43416db-8a11-4e57-bc00-5f160b887843 [3mnullifier[0m[2m=[0m1c80b2fdabe92e2be3aa4ec0c6947447464e042399f78baed9bd1425da02d8c6 [3mballot_hash[0m[2m=[0m20191e60075c3766cb356566f3bc4784d87bde9d4260dc3261ca0dc28819bf60
[2m2026-04-07T22:06:51.791830Z[0m [32m INFO[0m [1mrequest[0m[1m{[0m[3mrequest_id[0m[2m=[0m6b8a4531-6d05-43a1-942b-5d3ea4217671 [3mmethod[0m[2m=[0mPOST [3muri[0m[2m=[0m/vote/submit [3mversion[0m[2m=[0mHTTP/1.1[1m}[0m[2m:[0m [2msolesigner::services::vote[0m[2m:[0m VOTE_CAST: Vote submitted successfully [3melection_id[0m[2m=[0md43416db-8a11-4e57-bc00-5f160b887843 [3mnullifier[0m[2m=[0mbe1b1786c10f4cc3c9152cd39b9eea5af8d89fd07370ccd0e651786f8b279046 [3mballot_hash[0m[2m=[0m75a6c7aad7f38c975cb7fb052d0a6a995b46f9812fe5bf28655036e6e8618937
[2m2026-04-07T22:06:51.792158Z[0m [32m INFO[0m [1mrequest[0m[1m{[0m[3mrequest_id[0m[2m=[0m621ac697-4764-400a-9f84-59efa889d22c [3mmethod[0m[2m=[0mPOST [3muri[0m[2m=[0m/vote/submit [3mversion[0m[2m=[0mHTTP/1.1[1m}[0m[2m:[0m [2mtower_http::trace::on_response[0m[2m:[0m finished processing request [3mlatency[0m[2m=[0m315 ms [3mstatus[0m[2m=[0m200
[2m2026-04-07T22:06:51.795103Z[0m [32m INFO[0m [1mrequest[0m[1m{[0m[3mrequest_id[0m[2m=[0m6b8a4531-6d05-43a1-942b-5d3ea4217671 [3mmethod[0m[2m=[0mPOST [3muri[0m[2m=[0m/vote/submit [3mversion[0m[2m=[0mHTTP/1.1[1m}[0m[2m:[0m [2mtower_http::trace::on_response[0m[2m:[0m finished processing request [3mlatency[0m[2m=[0m320 ms [3mstatus[0m[2m=[0m200
[2m2026-04-07T22:06:51.799744Z[0m [32m INFO[0m [1mrequest[0m[1m{[0m[3mrequest_id[0m[2m=[0madd317dc-d85c-4170-aa71-ac07a49764fc [3mmethod[0m[2m=[0mPOST [3muri[0m[2m=[0m/vote/submit [3mversion[0m[2m=[0mHTTP/1.1[1m}[0m[2m:[0m [2msolesigner::services::vote[0m[2m:[0m VOTE_CAST: Vote submitted successfully [3melection_id[0m[2m=[0md43416db-8a11-4e57-bc00-5f160b887843 [3mnullifier[0m[2m=[0m320c06f0aa9fc793002d038396ec5d0d2b6ebcb7a81097fe1fe36fbb1cd3ee99 [3mballot_hash[0m[2m=[0meef5506f2d14dc51b8aa651c21dab8dd2297bf1d62a0dc670b2786dcd3524fb2
[2m2026-04-07T22:06:51.802014Z[0m [32m INFO[0m [1mrequest[0m[1m{[0m[3mrequest_id[0m[2m=[0madd317dc-d85c-4170-aa71-ac07a49764fc [3mmethod[0m[2m=[0mPOST [3muri[0m[2m=[0m/vote/submit [3mversion[0m[2m=[0mHTTP/1.1[1m}[0m[2m:[0m [2mtower_http::trace::on_response[0m[2m:[0m finished processing request [3mlatency[0m[2m=[0m324 ms [3mstatus[0m[2m=[0m200
[2m2026-04-07T22:06:51.805433Z[0m [32m INFO[0m [1mrequest[0m[1m{[0m[3mrequest_id[0m[2m=[0m7c00d539-e850-4944-8527-ef7adaed8a31 [3mmethod[0m[2m=[0mPOST [3muri[0m[2m=[0m/vote/submit [3mversion[0m[2m=[0mHTTP/1.1[1m}[0m[2m:[0m [2msolesigner::services::vote[0m[2m:[0m VOTE_CAST: Vote submitted successfully [3melection_id[0m[2m=[0md43416db-8a11-4e57-bc00-5f160b887843 [3mnullifier[0m[2m=[0md05417608cf92b3420d4102513a41655de45f8f7dfd268046ce4024db3e5f354 [3mballot_hash[0m[2m=[0ma512322428e8259f2d67424b3a3aa475ad7b5c91cb350f4ce53e253c646c193c
[2m2026-04-07T22:06:51.807688Z[0m [32m INFO[0m [1mrequest[0m[1m{[0m[3mrequest_id[0m[2m=[0m7c00d539-e850-4944-8527-ef7adaed8a31 [3mmethod[0m[2m=[0mPOST [3muri[0m[2m=[0m/vote/submit [3mversion[0m[2m=[0mHTTP/1.1[1m}[0m[2m:[0m [2mtower_http::trace::on_response[0m[2m:[0m finished processing request [3mlatency[0m[2m=[0m330 ms [3mstatus[0m[2m=[0m200
[2m2026-04-07T22:06:51.812255Z[0m [32m INFO[0m [1mrequest[0m[1m{[0m[3mrequest_id[0m[2m=[0m6e8dc05b-eee1-45c0-8baa-5614d8049e36 [3mmethod[0m[2m=[0mPOST [3muri[0m[2m=[0m/vote/submit [3mversion[0m[2m=[0mHTTP/1.1[1m}[0m[2m:[0m [2msolesigner::services::vote[0m[2m:[0m VOTE_CAST: Vote submitted successfully [3melection_id[0m[2m=[0md43416db-8a11-4e57-bc00-5f160b887843 [3mnullifier[0m[2m=[0m8397c3045d9fddab684c7a2c466d3d3f8836f2b2ec6ab14fb0b4f5493bd71f5f [3mballot_hash[0m[2m=[0m566cebe55fd8eaf61236a3768c6650d533394068986048b3589fcd4e551320a8
[2m2026-04-07T22:06:51.814535Z[0m [32m INFO[0m [1mrequest[0m[1m{[0m[3mrequest_id[0m[2m=[0m6e8dc05b-eee1-45c0-8baa-5614d8049e36 [3mmethod[0m[2m=[0mPOST [3muri[0m[2m=[0m/vote/submit [3mversion[0m[2m=[0mHTTP/1.1[1m}[0m[2m:[0m [2mtower_http::trace::on_response[0m[2m:[0m finished processing request [3mlatency[0m[2m=[0m336 ms [3mstatus[0m[2m=[0m200
[2m2026-04-07T22:06:51.820279Z[0m [32m INFO[0m [1mrequest[0m[1m{[0m[3mrequest_id[0m[2m=[0mf976acef-1a6d-44db-a455-7e8512c478c9 [3mmethod[0m[2m=[0mPOST [3muri[0m[2m=[0m/vote/submit [3mversion[0m[2m=[0mHTTP/1.1[1m}[0m[2m:[0m [2msolesigner::services::vote[0m[2m:[0m VOTE_CAST: Vote submitted successfully [3melection_id[0m[2m=[0md43416db-8a11-4e57-bc00-5f160b887843 [3mnullifier[0m[2m=[0m64f6db8b6e268fbe30538abaf6da5939fdf25632efc0c4aee82b18ec2796b3e5 [3mballot_hash[0m[2m=[0m4a6a88a75337eea83b3f4080a6ad1c20fabf1fc3c272fb3fc1f4094484635995
[2m2026-04-07T22:06:51.822659Z[0m [32m INFO[0m [1mrequest[0m[1m{[0m[3mrequest_id[0m[2m=[0mf976acef-1a6d-44db-a455-7e8512c478c9 [3mmethod[0m[2m=[0mPOST [3muri[0m[2m=[0m/vote/submit [3mversion[0m[2m=[0mHTTP/1.1[1m}[0m[2m:[0m [2mtower_http::trace::on_response[0m[2m:[0m finished processing request [3mlatency[0m[2m=[0m344 ms [3mstatus[0m[2m=[0m200
[2m2026-04-07T22:06:51.828971Z[0m [32m INFO[0m [1mrequest[0m[1m{[0m[3mrequest_id[0m[2m=[0mb2d32c84-fd8b-4206-8617-e89594d785be [3mmethod[0m[2m=[0mPOST [3muri[0m[2m=[0m/vote/submit [3mversion[0m[2m=[0mHTTP/1.1[1m}[0m[2m:[0m [2msolesigner::services::vote[0m[2m:[0m VOTE_CAST: Vote submitted successfully [3melection_id[0m[2m=[0md43416db-8a11-4e57-bc00-5f160b887843 [3mnullifier[0m[2m=[0m0717ccaee71f125e473c8e044caf79875791953ad5e5ee460af3037dbeb9ad74 [3mballot_hash[0m[2m=[0m0e52f2c3745a721c1f4c2e902414c6f0aa07ebefc3ba50c30144a0113a60238f
[2m2026-04-07T22:06:51.831819Z[0m [32m INFO[0m [1mrequest[0m[1m{[0m[3mrequest_id[0m[2m=[0mb2d32c84-fd8b-4206-8617-e89594d785be [3mmethod[0m[2m=[0mPOST [3muri[0m[2m=[0m/vote/submit [3mversion[0m[2m=[0mHTTP/1.1[1m}[0m[2m:[0m [2mtower_http::trace::on_response[0m[2m:[0m finished processing request [3mlatency[0m[2m=[0m353 ms [3mstatus[0m[2m=[0m200
[2m2026-04-07T22:06:51.834502Z[0m [32m INFO[0m [1mrequest[0m[1m{[0m[3mrequest_id[0m[2m=[0mcef82041-4b56-465b-bda4-4a37c9b58fff [3mmethod[0m[2m=[0mPOST [3muri[0m[2m=[0m/vote/submit [3mversion[0m[2m=[0mHTTP/1.1[1m}[0m[2m:[0m [2msolesigner::services::vote[0m[2m:[0m VOTE_CAST: Vote submitted successfully [3melection_id[0m[2m=[0md43416db-8a11-4e57-bc00-5f160b887843 [3mnullifier[0m[2m=[0m4e95bd144a7da30709a13f61a3616d84b05676401b6cc89db1f02384b0e178f7 [3mballot_hash[0m[2m=[0mc9c4943ed52a20c764aebbe468a5afba2e61352632fc309fe2ee25dc51ccfec2
[2m2026-04-07T22:06:51.835757Z[0m [32m INFO[0m [1mrequest[0m[1m{[0m[3mrequest_id[0m[2m=[0mb60f08a2-fb2c-4bf7-a601-3ed7294b6f96 [3mmethod[0m[2m=[0mPOST [3muri[0m[2m=[0m/vote/submit [3mversion[0m[2m=[0mHTTP/1.1[1m}[0m[2m:[0m [2msolesigner::services::vote[0m[2m:[0m VOTE_CAST: Vote submitted successfully [3melection_id[0m[2m=[0md43416db-8a11-4e57-bc00-5f160b887843 [3mnullifier[0m[2m=[0md80ac910395211496267f91b7d836efbd9c57df88b239b37898ce323f400d931 [3mballot_hash[0m[2m=[0ma0620d5ce31bbf25e8cac4e4d5acf4a54d846a567234acc6ee20e7a5c256b5c2
[2m2026-04-07T22:06:51.837971Z[0m [32m INFO[0m [1mrequest[0m[1m{[0m[3mrequest_id[0m[2m=[0mb60f08a2-fb2c-4bf7-a601-3ed7294b6f96 [3mmethod[0m[2m=[0mPOST [3muri[0m[2m=[0m/vote/submit [3mversion[0m[2m=[0mHTTP/1.1[1m}[0m[2m:[0m [2mtower_http::trace::on_response[0m[2m:[0m finished processing request [3mlatency[0m[2m=[0m402 ms [3mstatus[0m[2m=[0m200
[2m2026-04-07T22:06:51.839192Z[0m [32m INFO[0m [1mrequest[0m[1m{[0m[3mrequest_id[0m[2m=[0mcef82041-4b56-465b-bda4-4a37c9b58fff [3mmethod[0m[2m=[0mPOST [3muri[0m[2m=[0m/vote/submit [3mversion[0m[2m=[0mHTTP/1.1[1m}[0m[2m:[0m [2mtower_http::trace::on_response[0m[2m:[0m finished processing request [3mlatency[0m[2m=[0m360 ms [3mstatus[0m[2m=[0m200
[2m2026-04-07T22:06:51.840699Z[0m [32m INFO[0m [1mrequest[0m[1m{[0m[3mrequest_id[0m[2m=[0m2a34ed7c-f31b-4fc5-a180-dbf48bdacf33 [3mmethod[0m[2m=[0mPOST [3muri[0m[2m=[0m/vote/submit [3mversion[0m[2m=[0mHTTP/1.1[1m}[0m[2m:[0m [2msolesigner::services::vote[0m[2m:[0m VOTE_CAST: Vote submitted successfully [3melection_id[0m[2m=[0md43416db-8a11-4e57-bc00-5f160b887843 [3mnullifier[0m[2m=[0m591d92fdb9fc272553013d06f42fc60194945cefe57a2ebe299ed5a44b96cb1f [3mballot_hash[0m[2m=[0mcf7aca1f03f6fc266bf6394da669298742035bbaf2d10275a414a8480c6ea7ad
[2m2026-04-07T22:06:51.841885Z[0m [32m INFO[0m [1mrequest[0m[1m{[0m[3mrequest_id[0m[2m=[0m15fd0ff3-b307-4c97-9cd4-7407a92b4383 [3mmethod[0m[2m=[0mPOST [3muri[0m[2m=[0m/vote/submit [3mversion[0m[2m=[0mHTTP/1.1[1m}[0m[2m:[0m [2msolesigner::services::vote[0m[2m:[0m VOTE_CAST: Vote submitted successfully [3melection_id[0m[2m=[0md43416db-8a11-4e57-bc00-5f160b887843 [3mnullifier[0m[2m=[0mf143b229a6e441b6a6ccd0ef89d0141a4b7912adb8cf322fa36c2e41d93e6831 [3mballot_hash[0m[2m=[0m3b8fda399b001f2ff7f522d600c1d61c96e88025d1a94f68f20570d2dca4a616
[2m2026-04-07T22:06:51.843597Z[0m [32m INFO[0m [1mrequest[0m[1m{[0m[3mrequest_id[0m[2m=[0m2a34ed7c-f31b-4fc5-a180-dbf48bdacf33 [3mmethod[0m[2m=[0mPOST [3muri[0m[2m=[0m/vote/submit [3mversion[0m[2m=[0mHTTP/1.1[1m}[0m[2m:[0m [2mtower_http::trace::on_response[0m[2m:[0m finished processing request [3mlatency[0m[2m=[0m372 ms [3mstatus[0m[2m=[0m200
[2m2026-04-07T22:06:51.847562Z[0m [32m INFO[0m [1mrequest[0m[1m{[0m[3mrequest_id[0m[2m=[0m15fd0ff3-b307-4c97-9cd4-7407a92b4383 [3mmethod[0m[2m=[0mPOST [3muri[0m[2m=[0m/vote/submit [3mversion[0m[2m=[0mHTTP/1.1[1m}[0m[2m:[0m [2mtower_http::trace::on_response[0m[2m:[0m finished processing request [3mlatency[0m[2m=[0m365 ms [3mstatus[0m[2m=[0m200
[2m2026-04-07T22:06:51.847765Z[0m [32m INFO[0m [1mrequest[0m[1m{[0m[3mrequest_id[0m[2m=[0m252702e9-87c6-40a0-809d-88f236648017 [3mmethod[0m[2m=[0mPOST [3muri[0m[2m=[0m/vote/submit [3mversion[0m[2m=[0mHTTP/1.1[1m}[0m[2m:[0m [2msolesigner::services::vote[0m[2m:[0m VOTE_CAST: Vote submitted successfully [3melection_id[0m[2m=[0md43416db-8a11-4e57-bc00-5f160b887843 [3mnullifier[0m[2m=[0mb0e6b4fa1894c979249af4683ad8fd0f9674e222004681eafe731ee695b6f19e [3mballot_hash[0m[2m=[0mdeed01e4598f336c980fc013ba6282db0a34759cd79e58333792823bfcb49708
[2m2026-04-07T22:06:51.848531Z[0m [32m INFO[0m [1mrequest[0m[1m{[0m[3mrequest_id[0m[2m=[0mb164d277-02af-4a05-ae08-1328b5bdcaa6 [3mmethod[0m[2m=[0mPOST [3muri[0m[2m=[0m/vote/submit [3mversion[0m[2m=[0mHTTP/1.1[1m}[0m[2m:[0m [2msolesigner::services::vote[0m[2m:[0m VOTE_CAST: Vote submitted successfully [3melection_id[0m[2m=[0md43416db-8a11-4e57-bc00-5f160b887843 [3mnullifier[0m[2m=[0mcec48329597c64e4a0a788664dfa1607636c05f789f92d3b7be40b1eb237f24e [3mballot_hash[0m[2m=[0m8a8dfe6b881de5c399dcfbece1b9c17a4265814873543ed607c027d5b01b4dfc
[2m2026-04-07T22:06:51.849104Z[0m [32m INFO[0m [1mrequest[0m[1m{[0m[3mrequest_id[0m[2m=[0mf096545c-1b9f-4b1d-b7ab-7c91c1a0eb70 [3mmethod[0m[2m=[0mPOST [3muri[0m[2m=[0m/vote/submit [3mversion[0m[2m=[0mHTTP/1.1[1m}[0m[2m:[0m [2msolesigner::services::vote[0m[2m:[0m VOTE_CAST: Vote submitted successfully [3melection_id[0m[2m=[0md43416db-8a11-4e57-bc00-5f160b887843 [3mnullifier[0m[2m=[0md067377906cf47f99298fc126ee50230155e51662b9b8f6789c7149e5127e450 [3mballot_hash[0m[2m=[0mf5b976c643d2e25e9d51233fb4b66e5e647e4d6b06c85a10248ba19254f2efbd
[2m2026-04-07T22:06:51.850165Z[0m [32m INFO[0m [1mrequest[0m[1m{[0m[3mrequest_id[0m[2m=[0m252702e9-87c6-40a0-809d-88f236648017 [3mmethod[0m[2m=[0mPOST [3muri[0m[2m=[0m/vote/submit [3mversion[0m[2m=[0mHTTP/1.1[1m}[0m[2m:[0m [2mtower_http::trace::on_response[0m[2m:[0m finished processing request [3mlatency[0m[2m=[0m404 ms [3mstatus[0m[2m=[0m200
[2m2026-04-07T22:06:51.850797Z[0m [32m INFO[0m [1mrequest[0m[1m{[0m[3mrequest_id[0m[2m=[0mb164d277-02af-4a05-ae08-1328b5bdcaa6 [3mmethod[0m[2m=[0mPOST [3muri[0m[2m=[0m/vote/submit [3mversion[0m[2m=[0mHTTP/1.1[1m}[0m[2m:[0m [2mtower_http::trace::on_response[0m[2m:[0m finished processing request [3mlatency[0m[2m=[0m371 ms [3mstatus[0m[2m=[0m200
[2m2026-04-07T22:06:51.851840Z[0m [32m INFO[0m [1mrequest[0m[1m{[0m[3mrequest_id[0m[2m=[0mf096545c-1b9f-4b1d-b7ab-7c91c1a0eb70 [3mmethod[0m[2m=[0mPOST [3muri[0m[2m=[0m/vote/submit [3mversion[0m[2m=[0mHTTP/1.1[1m}[0m[2m:[0m [2mtower_http::trace::on_response[0m[2m:[0m finished processing request [3mlatency[0m[2m=[0m369 ms [3mstatus[0m[2m=[0m200
[2m2026-04-07T22:06:51.854341Z[0m [32m INFO[0m [1mrequest[0m[1m{[0m[3mrequest_id[0m[2m=[0ma1b4f159-ddfc-4a43-8359-af65256046d5 [3mmethod[0m[2m=[0mPOST [3muri[0m[2m=[0m/vote/submit [3mversion[0m[2m=[0mHTTP/1.1[1m}[0m[2m:[0m [2msolesigner::services::vote[0m[2m:[0m VOTE_CAST: Vote submitted successfully [3melection_id[0m[2m=[0md43416db-8a11-4e57-bc00-5f160b887843 [3mnullifier[0m[2m=[0ma3e7d7c2883d211a187dd159746c242fcf2941b349dec0d777960287c6a6a8f1 [3mballot_hash[0m[2m=[0m2a7abb79e5e61e17e8a24b7c38195fce633b56b8ac0f10965155fa04abfbcc67
[2m2026-04-07T22:06:51.855459Z[0m [32m INFO[0m [1mrequest[0m[1m{[0m[3mrequest_id[0m[2m=[0meb2a036b-7b68-4453-899e-aa1572cfb03c [3mmethod[0m[2m=[0mPOST [3muri[0m[2m=[0m/vote/submit [3mversion[0m[2m=[0mHTTP/1.1[1m}[0m[2m:[0m [2msolesigner::services::vote[0m[2m:[0m VOTE_CAST: Vote submitted successfully [3melection_id[0m[2m=[0md43416db-8a11-4e57-bc00-5f160b887843 [3mnullifier[0m[2m=[0m7b385e1b3af7cb4ba69b6631a86da5caa6282b154e615be290eabf3c2081ab9b [3mballot_hash[0m[2m=[0m332f7db6ab70df167ed59f07d3fa093ef7a0f1aabf494400ab63f06b3ba8da0e
[2m2026-04-07T22:06:51.856764Z[0m [32m INFO[0m [1mrequest[0m[1m{[0m[3mrequest_id[0m[2m=[0ma1b4f159-ddfc-4a43-8359-af65256046d5 [3mmethod[0m[2m=[0mPOST [3muri[0m[2m=[0m/vote/submit [3mversion[0m[2m=[0mHTTP/1.1[1m}[0m[2m:[0m [2mtower_http::trace::on_response[0m[2m:[0m finished processing request [3mlatency[0m[2m=[0m373 ms [3mstatus[0m[2m=[0m200
[2m2026-04-07T22:06:51.857410Z[0m [32m INFO[0m [1mrequest[0m[1m{[0m[3mrequest_id[0m[2m=[0meb2a036b-7b68-4453-899e-aa1572cfb03c [3mmethod[0m[2m=[0mPOST [3muri[0m[2m=[0m/vote/submit [3mversion[0m[2m=[0mHTTP/1.1[1m}[0m[2m:[0m [2mtower_http::trace::on_response[0m[2m:[0m finished processing request [3mlatency[0m[2m=[0m374 ms [3mstatus[0m[2m=[0m200
[2m2026-04-07T22:06:51.860347Z[0m [32m INFO[0m [1mrequest[0m[1m{[0m[3mrequest_id[0m[2m=[0mbcf133dd-6e2e-4b9d-b399-f4f07df92436 [3mmethod[0m[2m=[0mPOST [3muri[0m[2m=[0m/vote/submit [3mversion[0m[2m=[0mHTTP/1.1[1m}[0m[2m:[0m [2msolesigner::services::vote[0m[2m:[0m VOTE_CAST: Vote submitted successfully [3melection_id[0m[2m=[0md43416db-8a11-4e57-bc00-5f160b887843 [3mnullifier[0m[2m=[0mfebf185c10934374494f3ca204a74dccdedb0bb398a01ca8e2766572b9507c19 [3mballot_hash[0m[2m=[0m912026a8afb7dd2798bd9e836b1e46c56c4f6f2d0efc1fcf03372516198c874a
[2m2026-04-07T22:06:51.861570Z[0m [32m INFO[0m [1mrequest[0m[1m{[0m[3mrequest_id[0m[2m=[0m3fcfd2a5-9fd5-49ef-9e62-0bc9d36e9862 [3mmethod[0m[2m=[0mPOST [3muri[0m[2m=[0m/vote/submit [3mversion[0m[2m=[0mHTTP/1.1[1m}[0m[2m:[0m [2msolesigner::services::vote[0m[2m:[0m VOTE_CAST: Vote submitted successfully [3melection_id[0m[2m=[0md43416db-8a11-4e57-bc00-5f160b887843 [3mnullifier[0m[2m=[0m80c387080b3540179b3465965bd866bda5424f66c9ed025778945c4e5a1fd978 [3mballot_hash[0m[2m=[0mae2ddcc4465ef28475db0215a35cdd65d4367180051392760a7f102c3d2c9b3c
[2m2026-04-07T22:06:51.862069Z[0m [32m INFO[0m [1mrequest[0m[1m{[0m[3mrequest_id[0m[2m=[0m40fe3e58-3f43-463a-836b-8822919e595e [3mmethod[0m[2m=[0mPOST [3muri[0m[2m=[0m/vote/submit [3mversion[0m[2m=[0mHTTP/1.1[1m}[0m[2m:[0m [2msolesigner::services::vote[0m[2m:[0m VOTE_CAST: Vote submitted successfully [3melection_id[0m[2m=[0md43416db-8a11-4e57-bc00-5f160b887843 [3mnullifier[0m[2m=[0m7b0c81dcc894654de2826d47af3772a773108fba4020cbe0ecc588c927fadd03 [3mballot_hash[0m[2m=[0m190cc1ae057c032cdc94b3450705282f82e5c0287f1c092823b34c4a8c55196a
[2m2026-04-07T22:06:51.863226Z[0m [32m INFO[0m [1mrequest[0m[1m{[0m[3mrequest_id[0m[2m=[0mbcf133dd-6e2e-4b9d-b399-f4f07df92436 [3mmethod[0m[2m=[0mPOST [3muri[0m[2m=[0m/vote/submit [3mversion[0m[2m=[0mHTTP/1.1[1m}[0m[2m:[0m [2mtower_http::trace::on_response[0m[2m:[0m finished processing request [3mlatency[0m[2m=[0m378 ms [3mstatus[0m[2m=[0m200
[2m2026-04-07T22:06:51.863839Z[0m [32m INFO[0m [1mrequest[0m[1m{[0m[3mrequest_id[0m[2m=[0m3fcfd2a5-9fd5-49ef-9e62-0bc9d36e9862 [3mmethod[0m[2m=[0mPOST [3muri[0m[2m=[0m/vote/submit [3mversion[0m[2m=[0mHTTP/1.1[1m}[0m[2m:[0m [2mtower_http::trace::on_response[0m[2m:[0m finished processing request [3mlatency[0m[2m=[0m379 ms [3mstatus[0m[2m=[0m200
[2m2026-04-07T22:06:51.865353Z[0m [32m INFO[0m [1mrequest[0m[1m{[0m[3mrequest_id[0m[2m=[0m40fe3e58-3f43-463a-836b-8822919e595e [3mmethod[0m[2m=[0mPOST [3muri[0m[2m=[0m/vote/submit [3mversion[0m[2m=[0mHTTP/1.1[1m}[0m[2m:[0m [2mtower_http::trace::on_response[0m[2m:[0m finished processing request [3mlatency[0m[2m=[0m380 ms [3mstatus[0m[2m=[0m200
[2m2026-04-07T22:06:51.868617Z[0m [32m INFO[0m [1mrequest[0m[1m{[0m[3mrequest_id[0m[2m=[0m9141f72c-f327-44d9-8c5c-10bfc69f15d7 [3mmethod[0m[2m=[0mPOST [3muri[0m[2m=[0m/vote/submit [3mversion[0m[2m=[0mHTTP/1.1[1m}[0m[2m:[0m [2msolesigner::services::vote[0m[2m:[0m VOTE_CAST: Vote submitted successfully [3melection_id[0m[2m=[0md43416db-8a11-4e57-bc00-5f160b887843 [3mnullifier[0m[2m=[0mee0e6cc8664f51ad6dcaa884df1fbc0911e5944ef1b9238286638604df66a032 [3mballot_hash[0m[2m=[0m40e327be205266d3e07c91b7255b1b3e5384cf655cef6f4614dcb6098d04c622
[2m2026-04-07T22:06:51.871921Z[0m [32m INFO[0m [1mrequest[0m[1m{[0m[3mrequest_id[0m[2m=[0m9141f72c-f327-44d9-8c5c-10bfc69f15d7 [3mmethod[0m[2m=[0mPOST [3muri[0m[2m=[0m/vote/submit [3mversion[0m[2m=[0mHTTP/1.1[1m}[0m[2m:[0m [2mtower_http::trace::on_response[0m[2m:[0m finished processing request [3mlatency[0m[2m=[0m388 ms [3mstatus[0m[2m=[0m200
[2m2026-04-07T22:06:51.873184Z[0m [32m INFO[0m [1mrequest[0m[1m{[0m[3mrequest_id[0m[2m=[0mc7e274d2-d3d8-4625-a9fd-878d6745b551 [3mmethod[0m[2m=[0mPOST [3muri[0m[2m=[0m/vote/submit [3mversion[0m[2m=[0mHTTP/1.1[1m}[0m[2m:[0m [2msolesigner::services::vote[0m[2m:[0m VOTE_CAST: Vote submitted successfully [3melection_id[0m[2m=[0md43416db-8a11-4e57-bc00-5f160b887843 [3mnullifier[0m[2m=[0m83540bbc317843372c32b8f4e247c50a3b4515ab972b4735bb0f0821f6a61a36 [3mballot_hash[0m[2m=[0m6a01a132db87ea7ca6db0fe881dc70834a0563fe019436c523a127081da91c70
[2m2026-04-07T22:06:51.874384Z[0m [32m INFO[0m [1mrequest[0m[1m{[0m[3mrequest_id[0m[2m=[0m0162acea-0233-47ba-b7f8-e7d33c5a4785 [3mmethod[0m[2m=[0mPOST [3muri[0m[2m=[0m/vote/submit [3mversion[0m[2m=[0mHTTP/1.1[1m}[0m[2m:[0m [2msolesigner::services::vote[0m[2m:[0m VOTE_CAST: Vote submitted successfully [3melection_id[0m[2m=[0md43416db-8a11-4e57-bc00-5f160b887843 [3mnullifier[0m[2m=[0meefe11662af818dacd59ddd4edbdd36310bc80db6a9028badcbe70b0fc483697 [3mballot_hash[0m[2m=[0m04aebe042853df0a5891bdea4bf3d7aed8e27ab4097db504f45924b41a66c276
[2m2026-04-07T22:06:51.876561Z[0m [32m INFO[0m [1mrequest[0m[1m{[0m[3mrequest_id[0m[2m=[0m09377f24-5f2a-47cd-bb08-f621e90f00d9 [3mmethod[0m[2m=[0mPOST [3muri[0m[2m=[0m/vote/submit [3mversion[0m[2m=[0mHTTP/1.1[1m}[0m[2m:[0m [2msolesigner::services::vote[0m[2m:[0m VOTE_CAST: Vote submitted successfully [3melection_id[0m[2m=[0md43416db-8a11-4e57-bc00-5f160b887843 [3mnullifier[0m[2m=[0m15c8283230dac18df4ab1f06920d642bccfa0479b5ea6b7ca7d6cfb5dc8a5f2c [3mballot_hash[0m[2m=[0m4c563a3be3d364b24a356a646b63c9c075ec4b24741e312c6c8b18b8d2ecc965
[2m2026-04-07T22:06:51.876704Z[0m [32m INFO[0m [1mrequest[0m[1m{[0m[3mrequest_id[0m[2m=[0m0162acea-0233-47ba-b7f8-e7d33c5a4785 [3mmethod[0m[2m=[0mPOST [3muri[0m[2m=[0m/vote/submit [3mversion[0m[2m=[0mHTTP/1.1[1m}[0m[2m:[0m [2mtower_http::trace::on_response[0m[2m:[0m finished processing request [3mlatency[0m[2m=[0m388 ms [3mstatus[0m[2m=[0m200
[2m2026-04-07T22:06:51.878527Z[0m [32m INFO[0m [1mrequest[0m[1m{[0m[3mrequest_id[0m[2m=[0mc7e274d2-d3d8-4625-a9fd-878d6745b551 [3mmethod[0m[2m=[0mPOST [3muri[0m[2m=[0m/vote/submit [3mversion[0m[2m=[0mHTTP/1.1[1m}[0m[2m:[0m [2mtower_http::trace::on_response[0m[2m:[0m finished processing request [3mlatency[0m[2m=[0m392 ms [3mstatus[0m[2m=[0m200
[2m2026-04-07T22:06:51.878981Z[0m [32m INFO[0m [1mrequest[0m[1m{[0m[3mrequest_id[0m[2m=[0m09377f24-5f2a-47cd-bb08-f621e90f00d9 [3mmethod[0m[2m=[0mPOST [3muri[0m[2m=[0m/vote/submit [3mversion[0m[2m=[0mHTTP/1.1[1m}[0m[2m:[0m [2mtower_http::trace::on_response[0m[2m:[0m finished processing request [3mlatency[0m[2m=[0m390 ms [3mstatus[0m[2m=[0m200
[2m2026-04-07T22:06:51.879794Z[0m [32m INFO[0m [1mrequest[0m[1m{[0m[3mrequest_id[0m[2m=[0mb56c8521-76c5-44b2-aca3-d40602ac9243 [3mmethod[0m[2m=[0mPOST [3muri[0m[2m=[0m/vote/submit [3mversion[0m[2m=[0mHTTP/1.1[1m}[0m[2m:[0m [2msolesigner::services::vote[0m[2m:[0m VOTE_CAST: Vote submitted successfully [3melection_id[0m[2m=[0md43416db-8a11-4e57-bc00-5f160b887843 [3mnullifier[0m[2m=[0m28098f894f2d98660ecf1b36bd39a5360912f5905853ffc627359b95859e4ad6 [3mballot_hash[0m[2m=[0m7e995229611abd3db045f3aecfe00e7c4eb0e535cb1cdff72d59a310900e7125
[2m2026-04-07T22:06:51.882449Z[0m [32m INFO[0m [1mrequest[0m[1m{[0m[3mrequest_id[0m[2m=[0mb56c8521-76c5-44b2-aca3-d40602ac9243 [3mmethod[0m[2m=[0mPOST [3muri[0m[2m=[0m/vote/submit [3mversion[0m[2m=[0mHTTP/1.1[1m}[0m[2m:[0m [2mtower_http::trace::on_response[0m[2m:[0m finished processing request [3mlatency[0m[2m=[0m403 ms [3mstatus[0m[2m=[0m200
[2m2026-04-07T22:06:51.882915Z[0m [32m INFO[0m [1mrequest[0m[1m{[0m[3mrequest_id[0m[2m=[0mf2c5ecdd-d817-48fd-8dc9-aefa16af47c0 [3mmethod[0m[2m=[0mPOST [3muri[0m[2m=[0m/vote/submit [3mversion[0m[2m=[0mHTTP/1.1[1m}[0m[2m:[0m [2msolesigner::services::vote[0m[2m:[0m VOTE_CAST: Vote submitted successfully [3melection_id[0m[2m=[0md43416db-8a11-4e57-bc00-5f160b887843 [3mnullifier[0m[2m=[0mdfe7c266bd34f66f59189e61cfb0269f07e76cc291df738645332c933adf3d6e [3mballot_hash[0m[2m=[0m76290efbf703fe5fc2641c0649c2a1fd41f4495a49ee7fcf846a6aea2689b2b0
[2m2026-04-07T22:06:51.883909Z[0m [32m INFO[0m [1mrequest[0m[1m{[0m[3mrequest_id[0m[2m=[0m0ed464ec-0988-4b55-b339-f9bc270936be [3mmethod[0m[2m=[0mPOST [3muri[0m[2m=[0m/vote/submit [3mversion[0m[2m=[0mHTTP/1.1[1m}[0m[2m:[0m [2msolesigner::services::vote[0m[2m:[0m VOTE_CAST: Vote submitted successfully [3melection_id[0m[2m=[0md43416db-8a11-4e57-bc00-5f160b887843 [3mnullifier[0m[2m=[0me5b9f9ae982287aa2f5a5cdfe5c8f9881846aecdf26d9be865c2be497b58283b [3mballot_hash[0m[2m=[0m33dcf403915a7af093186b9c78e4e69ac1ed865aca3d1e078ce3396f958c43d3
[2m2026-04-07T22:06:51.886933Z[0m [32m INFO[0m [1mrequest[0m[1m{[0m[3mrequest_id[0m[2m=[0m0ed464ec-0988-4b55-b339-f9bc270936be [3mmethod[0m[2m=[0mPOST [3muri[0m[2m=[0m/vote/submit [3mversion[0m[2m=[0mHTTP/1.1[1m}[0m[2m:[0m [2mtower_http::trace::on_response[0m[2m:[0m finished processing request [3mlatency[0m[2m=[0m395 ms [3mstatus[0m[2m=[0m200
[2m2026-04-07T22:06:51.886904Z[0m [32m INFO[0m [1mrequest[0m[1m{[0m[3mrequest_id[0m[2m=[0mf2c5ecdd-d817-48fd-8dc9-aefa16af47c0 [3mmethod[0m[2m=[0mPOST [3muri[0m[2m=[0m/vote/submit [3mversion[0m[2m=[0mHTTP/1.1[1m}[0m[2m:[0m [2mtower_http::trace::on_response[0m[2m:[0m finished processing request [3mlatency[0m[2m=[0m398 ms [3mstatus[0m[2m=[0m200
[2m2026-04-07T22:06:51.889306Z[0m [32m INFO[0m [1mrequest[0m[1m{[0m[3mrequest_id[0m[2m=[0m4ed74438-e238-497e-b8ce-93a743ea4093 [3mmethod[0m[2m=[0mPOST [3muri[0m[2m=[0m/vote/submit [3mversion[0m[2m=[0mHTTP/1.1[1m}[0m[2m:[0m [2msolesigner::services::vote[0m[2m:[0m VOTE_CAST: Vote submitted successfully [3melection_id[0m[2m=[0md43416db-8a11-4e57-bc00-5f160b887843 [3mnullifier[0m[2m=[0mffa026073d004cd853ecdd9f2ea6e4d1b37dac5fc9e69b71e1a1ad79c9f7290f [3mballot_hash[0m[2m=[0mac410f51007643f7e9b4026a103780fc17ce5f6d18bb55358eecdfcbb3eb0f91
[2m2026-04-07T22:06:51.890556Z[0m [32m INFO[0m [1mrequest[0m[1m{[0m[3mrequest_id[0m[2m=[0m856a2c26-9490-4836-99c3-028d9ef6b50c [3mmethod[0m[2m=[0mPOST [3muri[0m[2m=[0m/vote/submit [3mversion[0m[2m=[0mHTTP/1.1[1m}[0m[2m:[0m [2msolesigner::services::vote[0m[2m:[0m VOTE_CAST: Vote submitted successfully [3melection_id[0m[2m=[0md43416db-8a11-4e57-bc00-5f160b887843 [3mnullifier[0m[2m=[0m5abed395674a064191c006a7594499d77cec6bf8a3f188dbc9611f51ead3fa9b [3mballot_hash[0m[2m=[0mf5f1f970d2e96fd8ccbe4b9405aa05562d37c0ff496ce2f76ce1b5b0440e7584
[2m2026-04-07T22:06:51.892021Z[0m [32m INFO[0m [1mrequest[0m[1m{[0m[3mrequest_id[0m[2m=[0mce0e6a74-b965-448c-a3f8-cfcb3e80d8cd [3mmethod[0m[2m=[0mPOST [3muri[0m[2m=[0m/vote/submit [3mversion[0m[2m=[0mHTTP/1.1[1m}[0m[2m:[0m [2msolesigner::services::vote[0m[2m:[0m VOTE_CAST: Vote submitted successfully [3melection_id[0m[2m=[0md43416db-8a11-4e57-bc00-5f160b887843 [3mnullifier[0m[2m=[0m155b167c5f9ebf84923e3a1f5c462284c34234a14a2a5c92d93095ef1a99201a [3mballot_hash[0m[2m=[0m6dd2aeb26b792eb16bada3e65275323883582424a5c396f77bb2353d64bd92f9
[2m2026-04-07T22:06:51.893378Z[0m [32m INFO[0m [1mrequest[0m[1m{[0m[3mrequest_id[0m[2m=[0m856a2c26-9490-4836-99c3-028d9ef6b50c [3mmethod[0m[2m=[0mPOST [3muri[0m[2m=[0m/vote/submit [3mversion[0m[2m=[0mHTTP/1.1[1m}[0m[2m:[0m [2mtower_http::trace::on_response[0m[2m:[0m finished processing request [3mlatency[0m[2m=[0m401 ms [3mstatus[0m[2m=[0m200
[2m2026-04-07T22:06:51.893379Z[0m [32m INFO[0m [1mrequest[0m[1m{[0m[3mrequest_id[0m[2m=[0m4ed74438-e238-497e-b8ce-93a743ea4093 [3mmethod[0m[2m=[0mPOST [3muri[0m[2m=[0m/vote/submit [3mversion[0m[2m=[0mHTTP/1.1[1m}[0m[2m:[0m [2mtower_http::trace::on_response[0m[2m:[0m finished processing request [3mlatency[0m[2m=[0m402 ms [3mstatus[0m[2m=[0m200
[2m2026-04-07T22:06:51.894972Z[0m [32m INFO[0m [1mrequest[0m[1m{[0m[3mrequest_id[0m[2m=[0mce0e6a74-b965-448c-a3f8-cfcb3e80d8cd [3mmethod[0m[2m=[0mPOST [3muri[0m[2m=[0m/vote/submit [3mversion[0m[2m=[0mHTTP/1.1[1m}[0m[2m:[0m [2mtower_http::trace::on_response[0m[2m:[0m finished processing request [3mlatency[0m[2m=[0m403 ms [3mstatus[0m[2m=[0m200
[2m2026-04-07T22:06:51.899571Z[0m [32m INFO[0m [1mrequest[0m[1m{[0m[3mrequest_id[0m[2m=[0ma42ea074-9b4e-466f-a8f5-7b1449823a7d [3mmethod[0m[2m=[0mPOST [3muri[0m[2m=[0m/vote/submit [3mversion[0m[2m=[0mHTTP/1.1[1m}[0m[2m:[0m [2msolesigner::services::vote[0m[2m:[0m VOTE_CAST: Vote submitted successfully [3melection_id[0m[2m=[0md43416db-8a11-4e57-bc00-5f160b887843 [3mnullifier[0m[2m=[0m4cf5f2e6e9bb5988bf743d1a11f6b6fff2a7b3fd729e4fcdbb737e00fb34086a [3mballot_hash[0m[2m=[0m54f041f7e4b6a735d14afebd9840dd88e7797a28012072fed7cd7a961eea8208
[2m2026-04-07T22:06:51.901009Z[0m [32m INFO[0m [1mrequest[0m[1m{[0m[3mrequest_id[0m[2m=[0m983435fc-6406-4350-a219-33d147ea19fb [3mmethod[0m[2m=[0mPOST [3muri[0m[2m=[0m/vote/submit [3mversion[0m[2m=[0mHTTP/1.1[1m}[0m[2m:[0m [2msolesigner::services::vote[0m[2m:[0m VOTE_CAST: Vote submitted successfully [3melection_id[0m[2m=[0md43416db-8a11-4e57-bc00-5f160b887843 [3mnullifier[0m[2m=[0m1d32b5b0dbf35a341bbe2b21e383e4f3b60ab7c8e21bdf0ecb1aa4984111c652 [3mballot_hash[0m[2m=[0mdc448ed8e98ebd3ab3be47e30b771d3c1cb40716c03549de5873a30ef4debb32
[2m2026-04-07T22:06:51.902111Z[0m [32m INFO[0m [1mrequest[0m[1m{[0m[3mrequest_id[0m[2m=[0m89d9f585-8944-4f5f-9b14-8a417a888b4c [3mmethod[0m[2m=[0mPOST [3muri[0m[2m=[0m/vote/submit [3mversion[0m[2m=[0mHTTP/1.1[1m}[0m[2m:[0m [2msolesigner::services::vote[0m[2m:[0m VOTE_CAST: Vote submitted successfully [3melection_id[0m[2m=[0md43416db-8a11-4e57-bc00-5f160b887843 [3mnullifier[0m[2m=[0mbc2147bf253199197719d68644b32345e673cb6836578ff11f08a26f912fe92b [3mballot_hash[0m[2m=[0m53d95f96ce326211f5ee2e2962ef7a039737a42439ccc2b1975198b445ebaf6d
[2m2026-04-07T22:06:51.902263Z[0m [32m INFO[0m [1mrequest[0m[1m{[0m[3mrequest_id[0m[2m=[0ma42ea074-9b4e-466f-a8f5-7b1449823a7d [3mmethod[0m[2m=[0mPOST [3muri[0m[2m=[0m/vote/submit [3mversion[0m[2m=[0mHTTP/1.1[1m}[0m[2m:[0m [2mtower_http::trace::on_response[0m[2m:[0m finished processing request [3mlatency[0m[2m=[0m408 ms [3mstatus[0m[2m=[0m200
[2m2026-04-07T22:06:51.904069Z[0m [32m INFO[0m [1mrequest[0m[1m{[0m[3mrequest_id[0m[2m=[0mbcd690a0-4aa9-4fb8-a8cb-c0c6be4aaeee [3mmethod[0m[2m=[0mPOST [3muri[0m[2m=[0m/vote/submit [3mversion[0m[2m=[0mHTTP/1.1[1m}[0m[2m:[0m [2msolesigner::services::vote[0m[2m:[0m VOTE_CAST: Vote submitted successfully [3melection_id[0m[2m=[0md43416db-8a11-4e57-bc00-5f160b887843 [3mnullifier[0m[2m=[0mb20f13d6e6a193fd50fc084eb62db129ab7e57c6cfa5328d2a89ac5afa9881d6 [3mballot_hash[0m[2m=[0m6c7a1a0f77eec8f66b530cb2896cf768f39296a1fb6511668a0e31e9321685ba
[2m2026-04-07T22:06:51.904659Z[0m [32m INFO[0m [1mrequest[0m[1m{[0m[3mrequest_id[0m[2m=[0m89d9f585-8944-4f5f-9b14-8a417a888b4c [3mmethod[0m[2m=[0mPOST [3muri[0m[2m=[0m/vote/submit [3mversion[0m[2m=[0mHTTP/1.1[1m}[0m[2m:[0m [2mtower_http::trace::on_response[0m[2m:[0m finished processing request [3mlatency[0m[2m=[0m413 ms [3mstatus[0m[2m=[0m200
[2m2026-04-07T22:06:51.906368Z[0m [32m INFO[0m [1mrequest[0m[1m{[0m[3mrequest_id[0m[2m=[0m983435fc-6406-4350-a219-33d147ea19fb [3mmethod[0m[2m=[0mPOST [3muri[0m[2m=[0m/vote/submit [3mversion[0m[2m=[0mHTTP/1.1[1m}[0m[2m:[0m [2mtower_http::trace::on_response[0m[2m:[0m finished processing request [3mlatency[0m[2m=[0m413 ms [3mstatus[0m[2m=[0m200
[2m2026-04-07T22:06:51.906499Z[0m [32m INFO[0m [1mrequest[0m[1m{[0m[3mrequest_id[0m[2m=[0mbcd690a0-4aa9-4fb8-a8cb-c0c6be4aaeee [3mmethod[0m[2m=[0mPOST [3muri[0m[2m=[0m/vote/submit [3mversion[0m[2m=[0mHTTP/1.1[1m}[0m[2m:[0m [2mtower_http::trace::on_response[0m[2m:[0m finished processing request [3mlatency[0m[2m=[0m411 ms [3mstatus[0m[2m=[0m200
[2m2026-04-07T22:06:51.907205Z[0m [32m INFO[0m [1mrequest[0m[1m{[0m[3mrequest_id[0m[2m=[0mdf301960-fad5-4b01-96ab-46ddd52e21bd [3mmethod[0m[2m=[0mPOST [3muri[0m[2m=[0m/vote/submit [3mversion[0m[2m=[0mHTTP/1.1[1m}[0m[2m:[0m [2msolesigner::services::vote[0m[2m:[0m VOTE_CAST: Vote submitted successfully [3melection_id[0m[2m=[0md43416db-8a11-4e57-bc00-5f160b887843 [3mnullifier[0m[2m=[0mc4d9dc7274455c1f1ac0ff2b48c305ebfcb4ea26bf7fa06e5b26c688e0f2a77e [3mballot_hash[0m[2m=[0m2f1bbc93d1f3bd8f7defdf00ae21aa8f037421f41004482f32caea5bee11fb97
[2m2026-04-07T22:06:51.908568Z[0m [32m INFO[0m [1mrequest[0m[1m{[0m[3mrequest_id[0m[2m=[0mb7c862db-f460-4bfe-835e-34048bb523c1 [3mmethod[0m[2m=[0mPOST [3muri[0m[2m=[0m/vote/submit [3mversion[0m[2m=[0mHTTP/1.1[1m}[0m[2m:[0m [2msolesigner::services::vote[0m[2m:[0m VOTE_CAST: Vote submitted successfully [3melection_id[0m[2m=[0md43416db-8a11-4e57-bc00-5f160b887843 [3mnullifier[0m[2m=[0ma5d4c2e14c64c2410fe585c9f2f09928c9c74fa1826cf997e23cd72d75cd0a52 [3mballot_hash[0m[2m=[0m03c9c7085eaebf185358aea92bfe1079e389737da4b21a94c2de102b49494a21
[2m2026-04-07T22:06:51.909503Z[0m [32m INFO[0m [1mrequest[0m[1m{[0m[3mrequest_id[0m[2m=[0mdf301960-fad5-4b01-96ab-46ddd52e21bd [3mmethod[0m[2m=[0mPOST [3muri[0m[2m=[0m/vote/submit [3mversion[0m[2m=[0mHTTP/1.1[1m}[0m[2m:[0m [2mtower_http::trace::on_response[0m[2m:[0m finished processing request [3mlatency[0m[2m=[0m414 ms [3mstatus[0m[2m=[0m200
[2m2026-04-07T22:06:51.910272Z[0m [32m INFO[0m [1mrequest[0m[1m{[0m[3mrequest_id[0m[2m=[0m6494a9ad-6b68-4f88-8f84-238857b34437 [3mmethod[0m[2m=[0mPOST [3muri[0m[2m=[0m/vote/submit [3mversion[0m[2m=[0mHTTP/1.1[1m}[0m[2m:[0m [2msolesigner::services::vote[0m[2m:[0m VOTE_CAST: Vote submitted successfully [3melection_id[0m[2m=[0md43416db-8a11-4e57-bc00-5f160b887843 [3mnullifier[0m[2m=[0m70bf9a26f27fbbffa3842943e888f68f9d5dfd04ebfc1f10897128802982ac56 [3mballot_hash[0m[2m=[0m615c4af2c3955215a86d2147bad8190d145efdbe9025dbf1e5848043ae8a27c3
[2m2026-04-07T22:06:51.910390Z[0m [32m INFO[0m [1mrequest[0m[1m{[0m[3mrequest_id[0m[2m=[0m6097e070-8ed0-4db3-9fb7-c236b17490aa [3mmethod[0m[2m=[0mPOST [3muri[0m[2m=[0m/vote/submit [3mversion[0m[2m=[0mHTTP/1.1[1m}[0m[2m:[0m [2msolesigner::services::vote[0m[2m:[0m VOTE_CAST: Vote submitted successfully [3melection_id[0m[2m=[0md43416db-8a11-4e57-bc00-5f160b887843 [3mnullifier[0m[2m=[0m5d6cf0fc02963cb488e1cc21ef57b9ebad2857bdac8c182a9b878bd6eb664b3c [3mballot_hash[0m[2m=[0m1779455ec9766c9a083824bb37f6f8699e07840469c9adf615f4d04fda2d82af
[2m2026-04-07T22:06:51.912064Z[0m [32m INFO[0m [1mrequest[0m[1m{[0m[3mrequest_id[0m[2m=[0mb7c862db-f460-4bfe-835e-34048bb523c1 [3mmethod[0m[2m=[0mPOST [3muri[0m[2m=[0m/vote/submit [3mversion[0m[2m=[0mHTTP/1.1[1m}[0m[2m:[0m [2mtower_http::trace::on_response[0m[2m:[0m finished processing request [3mlatency[0m[2m=[0m419 ms [3mstatus[0m[2m=[0m200
[2m2026-04-07T22:06:51.912678Z[0m [32m INFO[0m [1mrequest[0m[1m{[0m[3mrequest_id[0m[2m=[0m6494a9ad-6b68-4f88-8f84-238857b34437 [3mmethod[0m[2m=[0mPOST [3muri[0m[2m=[0m/vote/submit [3mversion[0m[2m=[0mHTTP/1.1[1m}[0m[2m:[0m [2mtower_http::trace::on_response[0m[2m:[0m finished processing request [3mlatency[0m[2m=[0m422 ms [3mstatus[0m[2m=[0m200
[2m2026-04-07T22:06:51.913038Z[0m [32m INFO[0m [1mrequest[0m[1m{[0m[3mrequest_id[0m[2m=[0m14dd95e4-2851-4b0f-af54-0f9e06f72ef9 [3mmethod[0m[2m=[0mPOST [3muri[0m[2m=[0m/vote/submit [3mversion[0m[2m=[0mHTTP/1.1[1m}[0m[2m:[0m [2msolesigner::services::vote[0m[2m:[0m VOTE_CAST: Vote submitted successfully [3melection_id[0m[2m=[0md43416db-8a11-4e57-bc00-5f160b887843 [3mnullifier[0m[2m=[0m810e914849ad5ed804b98cb4aeba8d70fddbdf733e7483adca088ea9cd0e5cbd [3mballot_hash[0m[2m=[0m181249d126b29f91d0e5518aa3a4d1ec6f316398ab23a899897109c1d9f3629a
[2m2026-04-07T22:06:51.913788Z[0m [32m INFO[0m [1mrequest[0m[1m{[0m[3mrequest_id[0m[2m=[0m0332542b-abc9-4ce9-a81a-df527a2e8aa2 [3mmethod[0m[2m=[0mPOST [3muri[0m[2m=[0m/vote/submit [3mversion[0m[2m=[0mHTTP/1.1[1m}[0m[2m:[0m [2msolesigner::services::vote[0m[2m:[0m VOTE_CAST: Vote submitted successfully [3melection_id[0m[2m=[0md43416db-8a11-4e57-bc00-5f160b887843 [3mnullifier[0m[2m=[0med558795b96b80bd498934f96edcb4fae72cc67e4711030067db5212d160b792 [3mballot_hash[0m[2m=[0m3896d94e47cb0eb582ea1cd61aa99daf26bd89ae83f11eaadb3b799854afe879
[2m2026-04-07T22:06:51.914961Z[0m [32m INFO[0m [1mrequest[0m[1m{[0m[3mrequest_id[0m[2m=[0m8423cb72-fe17-4a1e-939f-844be64ebcae [3mmethod[0m[2m=[0mPOST [3muri[0m[2m=[0m/vote/submit [3mversion[0m[2m=[0mHTTP/1.1[1m}[0m[2m:[0m [2msolesigner::services::vote[0m[2m:[0m VOTE_CAST: Vote submitted successfully [3melection_id[0m[2m=[0md43416db-8a11-4e57-bc00-5f160b887843 [3mnullifier[0m[2m=[0m26df750502bba6132142a66507953f789bb421993ca6d5ddfdbddd5f00931dfe [3mballot_hash[0m[2m=[0mc87f660059bc7f3ea2b7add57f9355229a72d3436a6f050a7fb7137ad0f36680
[2m2026-04-07T22:06:51.915417Z[0m [32m INFO[0m [1mrequest[0m[1m{[0m[3mrequest_id[0m[2m=[0m6097e070-8ed0-4db3-9fb7-c236b17490aa [3mmethod[0m[2m=[0mPOST [3muri[0m[2m=[0m/vote/submit [3mversion[0m[2m=[0mHTTP/1.1[1m}[0m[2m:[0m [2mtower_http::trace::on_response[0m[2m:[0m finished processing request [3mlatency[0m[2m=[0m418 ms [3mstatus[0m[2m=[0m200
[2m2026-04-07T22:06:51.915417Z[0m [32m INFO[0m [1mrequest[0m[1m{[0m[3mrequest_id[0m[2m=[0m14dd95e4-2851-4b0f-af54-0f9e06f72ef9 [3mmethod[0m[2m=[0mPOST [3muri[0m[2m=[0m/vote/submit [3mversion[0m[2m=[0mHTTP/1.1[1m}[0m[2m:[0m [2mtower_http::trace::on_response[0m[2m:[0m finished processing request [3mlatency[0m[2m=[0m419 ms [3mstatus[0m[2m=[0m200
[2m2026-04-07T22:06:51.918500Z[0m [32m INFO[0m [1mrequest[0m[1m{[0m[3mrequest_id[0m[2m=[0m8423cb72-fe17-4a1e-939f-844be64ebcae [3mmethod[0m[2m=[0mPOST [3muri[0m[2m=[0m/vote/submit [3mversion[0m[2m=[0mHTTP/1.1[1m}[0m[2m:[0m [2mtower_http::trace::on_response[0m[2m:[0m finished processing request [3mlatency[0m[2m=[0m419 ms [3mstatus[0m[2m=[0m200
[2m2026-04-07T22:06:51.919167Z[0m [32m INFO[0m [1mrequest[0m[1m{[0m[3mrequest_id[0m[2m=[0m4b434589-7dd5-4520-8682-b7d08dac1cb9 [3mmethod[0m[2m=[0mPOST [3muri[0m[2m=[0m/vote/submit [3mversion[0m[2m=[0mHTTP/1.1[1m}[0m[2m:[0m [2msolesigner::services::vote[0m[2m:[0m VOTE_CAST: Vote submitted successfully [3melection_id[0m[2m=[0md43416db-8a11-4e57-bc00-5f160b887843 [3mnullifier[0m[2m=[0m82a1cb8ba60a4aa551e8161d2683cc7da6e31a3dbf06f784e2373f8053d8b9a6 [3mballot_hash[0m[2m=[0m741e78c6038d09778d55cfe30bab62b12c73aa55997a771b01c4f9703120315b
[2m2026-04-07T22:06:51.920242Z[0m [32m INFO[0m [1mrequest[0m[1m{[0m[3mrequest_id[0m[2m=[0m0a495d69-7f03-4120-9b37-eea6bb806d51 [3mmethod[0m[2m=[0mPOST [3muri[0m[2m=[0m/vote/submit [3mversion[0m[2m=[0mHTTP/1.1[1m}[0m[2m:[0m [2msolesigner::services::vote[0m[2m:[0m VOTE_CAST: Vote submitted successfully [3melection_id[0m[2m=[0md43416db-8a11-4e57-bc00-5f160b887843 [3mnullifier[0m[2m=[0m87c19d6c546b1bff1ccfdf00ef97f8814887958d63df9c0caf33ff6263188c61 [3mballot_hash[0m[2m=[0m69cd1d0acb0879ebfde940d3f2b31bf1b4e29f0ea82edb1a2158759ebaeea55a
[2m2026-04-07T22:06:51.922644Z[0m [32m INFO[0m [1mrequest[0m[1m{[0m[3mrequest_id[0m[2m=[0m0a495d69-7f03-4120-9b37-eea6bb806d51 [3mmethod[0m[2m=[0mPOST [3muri[0m[2m=[0m/vote/submit [3mversion[0m[2m=[0mHTTP/1.1[1m}[0m[2m:[0m [2mtower_http::trace::on_response[0m[2m:[0m finished processing request [3mlatency[0m[2m=[0m429 ms [3mstatus[0m[2m=[0m200
[2m2026-04-07T22:06:51.922848Z[0m [32m INFO[0m [1mrequest[0m[1m{[0m[3mrequest_id[0m[2m=[0m0332542b-abc9-4ce9-a81a-df527a2e8aa2 [3mmethod[0m[2m=[0mPOST [3muri[0m[2m=[0m/vote/submit [3mversion[0m[2m=[0mHTTP/1.1[1m}[0m[2m:[0m [2mtower_http::trace::on_response[0m[2m:[0m finished processing request [3mlatency[0m[2m=[0m425 ms [3mstatus[0m[2m=[0m200
[2m2026-04-07T22:06:51.923432Z[0m [32m INFO[0m [1mrequest[0m[1m{[0m[3mrequest_id[0m[2m=[0m9dbd9001-467d-4c54-859d-3681aa2f10f4 [3mmethod[0m[2m=[0mPOST [3muri[0m[2m=[0m/vote/submit [3mversion[0m[2m=[0mHTTP/1.1[1m}[0m[2m:[0m [2msolesigner::services::vote[0m[2m:[0m VOTE_CAST: Vote submitted successfully [3melection_id[0m[2m=[0md43416db-8a11-4e57-bc00-5f160b887843 [3mnullifier[0m[2m=[0md52c2050223df55a548c35abbff26393e7932c86683024b9426ef107e8f2773a [3mballot_hash[0m[2m=[0m24fd762d7d88a6a555a6532cb6d8377636839b29c614ea694a787de99dc5ca31
[2m2026-04-07T22:06:51.924923Z[0m [32m INFO[0m [1mrequest[0m[1m{[0m[3mrequest_id[0m[2m=[0m08078fd8-b998-4058-b89d-681ff3130e09 [3mmethod[0m[2m=[0mPOST [3muri[0m[2m=[0m/vote/submit [3mversion[0m[2m=[0mHTTP/1.1[1m}[0m[2m:[0m [2msolesigner::services::vote[0m[2m:[0m VOTE_CAST: Vote submitted successfully [3melection_id[0m[2m=[0md43416db-8a11-4e57-bc00-5f160b887843 [3mnullifier[0m[2m=[0medbe32a0808618e74075657947fb3f5dec3e9af0097d9969bac6faf8b8aeaeaf [3mballot_hash[0m[2m=[0mc8de836c04db673c15661c34c1c4a427c6207537a1874c7f52214566a050ccb6
[2m2026-04-07T22:06:51.924960Z[0m [32m INFO[0m [1mrequest[0m[1m{[0m[3mrequest_id[0m[2m=[0m7be647b1-63bd-46c4-9581-81947f4f6587 [3mmethod[0m[2m=[0mPOST [3muri[0m[2m=[0m/vote/submit [3mversion[0m[2m=[0mHTTP/1.1[1m}[0m[2m:[0m [2msolesigner::services::vote[0m[2m:[0m VOTE_CAST: Vote submitted successfully [3melection_id[0m[2m=[0md43416db-8a11-4e57-bc00-5f160b887843 [3mnullifier[0m[2m=[0m75c8c529c88063199b5fcb99880993a46c9515d2d8e1baa767ebe94430204e8a [3mballot_hash[0m[2m=[0m8298e053327e111c31a65df3727f26ff0f1612904e79923619c2267d8ed2ebfa
[2m2026-04-07T22:06:51.926001Z[0m [32m INFO[0m [1mrequest[0m[1m{[0m[3mrequest_id[0m[2m=[0m84f05f57-f3db-49b1-99ee-e75dafd1d351 [3mmethod[0m[2m=[0mPOST [3muri[0m[2m=[0m/vote/submit [3mversion[0m[2m=[0mHTTP/1.1[1m}[0m[2m:[0m [2msolesigner::services::vote[0m[2m:[0m VOTE_CAST: Vote submitted successfully [3melection_id[0m[2m=[0md43416db-8a11-4e57-bc00-5f160b887843 [3mnullifier[0m[2m=[0m7f409e83c4659900afecc2c77a021026e8e4b7f7ca421f790adc7f69fb06a018 [3mballot_hash[0m[2m=[0m119f82e03993b28f0a8354dfcf495ac4145399fe0c92943cc4c5c2f6c394958d
[2m2026-04-07T22:06:51.926615Z[0m [32m INFO[0m [1mrequest[0m[1m{[0m[3mrequest_id[0m[2m=[0m9dbd9001-467d-4c54-859d-3681aa2f10f4 [3mmethod[0m[2m=[0mPOST [3muri[0m[2m=[0m/vote/submit [3mversion[0m[2m=[0mHTTP/1.1[1m}[0m[2m:[0m [2mtower_http::trace::on_response[0m[2m:[0m finished processing request [3mlatency[0m[2m=[0m424 ms [3mstatus[0m[2m=[0m200
[2m2026-04-07T22:06:51.928415Z[0m [32m INFO[0m [1mrequest[0m[1m{[0m[3mrequest_id[0m[2m=[0m84f05f57-f3db-49b1-99ee-e75dafd1d351 [3mmethod[0m[2m=[0mPOST [3muri[0m[2m=[0m/vote/submit [3mversion[0m[2m=[0mHTTP/1.1[1m}[0m[2m:[0m [2mtower_http::trace::on_response[0m[2m:[0m finished processing request [3mlatency[0m[2m=[0m426 ms [3mstatus[0m[2m=[0m200
[2m2026-04-07T22:06:51.928541Z[0m [32m INFO[0m [1mrequest[0m[1m{[0m[3mrequest_id[0m[2m=[0m4b434589-7dd5-4520-8682-b7d08dac1cb9 [3mmethod[0m[2m=[0mPOST [3muri[0m[2m=[0m/vote/submit [3mversion[0m[2m=[0mHTTP/1.1[1m}[0m[2m:[0m [2mtower_http::trace::on_response[0m[2m:[0m finished processing request [3mlatency[0m[2m=[0m431 ms [3mstatus[0m[2m=[0m200
[2m2026-04-07T22:06:51.928401Z[0m [32m INFO[0m [1mrequest[0m[1m{[0m[3mrequest_id[0m[2m=[0m6efcb64e-b3c7-4f60-898d-d09e235263d2 [3mmethod[0m[2m=[0mPOST [3muri[0m[2m=[0m/vote/submit [3mversion[0m[2m=[0mHTTP/1.1[1m}[0m[2m:[0m [2msolesigner::services::vote[0m[2m:[0m VOTE_CAST: Vote submitted successfully [3melection_id[0m[2m=[0md43416db-8a11-4e57-bc00-5f160b887843 [3mnullifier[0m[2m=[0m02ba7f38b6d78d6e180596fae82a577b8df5dcb0ba85ec327283f55ec97e936e [3mballot_hash[0m[2m=[0m2cd13816e9c20645004fdad67e48f0d2aded7a1776d69bb5fab5ead66fcfc357
[2m2026-04-07T22:06:51.930558Z[0m [32m INFO[0m [1mrequest[0m[1m{[0m[3mrequest_id[0m[2m=[0m08078fd8-b998-4058-b89d-681ff3130e09 [3mmethod[0m[2m=[0mPOST [3muri[0m[2m=[0m/vote/submit [3mversion[0m[2m=[0mHTTP/1.1[1m}[0m[2m:[0m [2mtower_http::trace::on_response[0m[2m:[0m finished processing request [3mlatency[0m[2m=[0m429 ms [3mstatus[0m[2m=[0m200
[2m2026-04-07T22:06:51.931481Z[0m [32m INFO[0m [1mrequest[0m[1m{[0m[3mrequest_id[0m[2m=[0m0776dfd4-6c2c-4132-ba9b-157d03f224f7 [3mmethod[0m[2m=[0mPOST [3muri[0m[2m=[0m/vote/submit [3mversion[0m[2m=[0mHTTP/1.1[1m}[0m[2m:[0m [2msolesigner::services::vote[0m[2m:[0m VOTE_CAST: Vote submitted successfully [3melection_id[0m[2m=[0md43416db-8a11-4e57-bc00-5f160b887843 [3mnullifier[0m[2m=[0m400cace65fed54aa8605b455c64c68eab68d591d68aef265e61425c10f1f552e [3mballot_hash[0m[2m=[0m4ec5f73868896ee24ba90efedfabd1bdb3a8d3a0e0ea1531839012b02dcaed2c
[2m2026-04-07T22:06:51.931017Z[0m [32m INFO[0m [1mrequest[0m[1m{[0m[3mrequest_id[0m[2m=[0m7be647b1-63bd-46c4-9581-81947f4f6587 [3mmethod[0m[2m=[0mPOST [3muri[0m[2m=[0m/vote/submit [3mversion[0m[2m=[0mHTTP/1.1[1m}[0m[2m:[0m [2mtower_http::trace::on_response[0m[2m:[0m finished processing request [3mlatency[0m[2m=[0m430 ms [3mstatus[0m[2m=[0m200
[2m2026-04-07T22:06:51.933822Z[0m [32m INFO[0m [1mrequest[0m[1m{[0m[3mrequest_id[0m[2m=[0me85c6907-01e4-4ca8-865d-347f2368f2e5 [3mmethod[0m[2m=[0mPOST [3muri[0m[2m=[0m/vote/submit [3mversion[0m[2m=[0mHTTP/1.1[1m}[0m[2m:[0m [2msolesigner::services::vote[0m[2m:[0m VOTE_CAST: Vote submitted successfully [3melection_id[0m[2m=[0md43416db-8a11-4e57-bc00-5f160b887843 [3mnullifier[0m[2m=[0m4c6ad8bb3bc6a84e129990e1d4b2c0f982ee40678674845269d5976b211017c8 [3mballot_hash[0m[2m=[0ma6b1491c320e66b65eaf1ab540162ecb6bfcb5d1e2b0ea89399559c8812009a4
[2m2026-04-07T22:06:51.933424Z[0m [32m INFO[0m [1mrequest[0m[1m{[0m[3mrequest_id[0m[2m=[0m61ae79fd-73fc-4e93-ba3b-82c8d19b915c [3mmethod[0m[2m=[0mPOST [3muri[0m[2m=[0m/vote/submit [3mversion[0m[2m=[0mHTTP/1.1[1m}[0m[2m:[0m [2msolesigner::services::vote[0m[2m:[0m VOTE_CAST: Vote submitted successfully [3melection_id[0m[2m=[0md43416db-8a11-4e57-bc00-5f160b887843 [3mnullifier[0m[2m=[0m2e87d45eede2f4962f58aa291effd6125949df8cd31e69d1f248fb95cd83f8f1 [3mballot_hash[0m[2m=[0m8a373ebeb91b5a2f96dfdd86c70be51f911e33cb8fb13d92bee326d8cf64188b
[2m2026-04-07T22:06:51.934769Z[0m [32m INFO[0m [1mrequest[0m[1m{[0m[3mrequest_id[0m[2m=[0m6efcb64e-b3c7-4f60-898d-d09e235263d2 [3mmethod[0m[2m=[0mPOST [3muri[0m[2m=[0m/vote/submit [3mversion[0m[2m=[0mHTTP/1.1[1m}[0m[2m:[0m [2mtower_http::trace::on_response[0m[2m:[0m finished processing request [3mlatency[0m[2m=[0m432 ms [3mstatus[0m[2m=[0m200
[2m2026-04-07T22:06:51.935161Z[0m [32m INFO[0m [1mrequest[0m[1m{[0m[3mrequest_id[0m[2m=[0m0776dfd4-6c2c-4132-ba9b-157d03f224f7 [3mmethod[0m[2m=[0mPOST [3muri[0m[2m=[0m/vote/submit [3mversion[0m[2m=[0mHTTP/1.1[1m}[0m[2m:[0m [2mtower_http::trace::on_response[0m[2m:[0m finished processing request [3mlatency[0m[2m=[0m431 ms [3mstatus[0m[2m=[0m200
[2m2026-04-07T22:06:51.935829Z[0m [32m INFO[0m [1mrequest[0m[1m{[0m[3mrequest_id[0m[2m=[0m61ae79fd-73fc-4e93-ba3b-82c8d19b915c [3mmethod[0m[2m=[0mPOST [3muri[0m[2m=[0m/vote/submit [3mversion[0m[2m=[0mHTTP/1.1[1m}[0m[2m:[0m [2mtower_http::trace::on_response[0m[2m:[0m finished processing request [3mlatency[0m[2m=[0m432 ms [3mstatus[0m[2m=[0m200
[2m2026-04-07T22:06:51.935820Z[0m [32m INFO[0m [1mrequest[0m[1m{[0m[3mrequest_id[0m[2m=[0mf68f9ff7-c311-490a-bc76-a437217f78c6 [3mmethod[0m[2m=[0mPOST [3muri[0m[2m=[0m/vote/submit [3mversion[0m[2m=[0mHTTP/1.1[1m}[0m[2m:[0m [2msolesigner::services::vote[0m[2m:[0m VOTE_CAST: Vote submitted successfully [3melection_id[0m[2m=[0md43416db-8a11-4e57-bc00-5f160b887843 [3mnullifier[0m[2m=[0m07aebf924061ef047e59baa8d8deb0aaca0ed26ea4259c054732b0eacca0761b [3mballot_hash[0m[2m=[0mf8ab93756d53159d9f248e41ba089858c7cc80d768c8c76a07a7211afcae9c3c
[2m2026-04-07T22:06:51.939509Z[0m [32m INFO[0m [1mrequest[0m[1m{[0m[3mrequest_id[0m[2m=[0me85c6907-01e4-4ca8-865d-347f2368f2e5 [3mmethod[0m[2m=[0mPOST [3muri[0m[2m=[0m/vote/submit [3mversion[0m[2m=[0mHTTP/1.1[1m}[0m[2m:[0m [2mtower_http::trace::on_response[0m[2m:[0m finished processing request [3mlatency[0m[2m=[0m437 ms [3mstatus[0m[2m=[0m200
[2m2026-04-07T22:06:51.939975Z[0m [32m INFO[0m [1mrequest[0m[1m{[0m[3mrequest_id[0m[2m=[0mf68f9ff7-c311-490a-bc76-a437217f78c6 [3mmethod[0m[2m=[0mPOST [3muri[0m[2m=[0m/vote/submit [3mversion[0m[2m=[0mHTTP/1.1[1m}[0m[2m:[0m [2mtower_http::trace::on_response[0m[2m:[0m finished processing request [3mlatency[0m[2m=[0m435 ms [3mstatus[0m[2m=[0m200
[2m2026-04-07T22:06:51.940708Z[0m [32m INFO[0m [1mrequest[0m[1m{[0m[3mrequest_id[0m[2m=[0m2741db0c-605e-41b5-8fad-9d257e3cd33f [3mmethod[0m[2m=[0mPOST [3muri[0m[2m=[0m/vote/submit [3mversion[0m[2m=[0mHTTP/1.1[1m}[0m[2m:[0m [2msolesigner::services::vote[0m[2m:[0m VOTE_CAST: Vote submitted successfully [3melection_id[0m[2m=[0md43416db-8a11-4e57-bc00-5f160b887843 [3mnullifier[0m[2m=[0m8a1df6650c29b4fdb59a3990d92d9be1120f249394f4503f79aa6a58b3cf566a [3mballot_hash[0m[2m=[0m775cd113ba092da2312dd08a62ec97427f904db6d6155eeb07feeac5a4ea1aac
[2m2026-04-07T22:06:51.941541Z[0m [32m INFO[0m [1mrequest[0m[1m{[0m[3mrequest_id[0m[2m=[0m1c3773a4-480a-4935-84be-eb747d7c869c [3mmethod[0m[2m=[0mPOST [3muri[0m[2m=[0m/vote/submit [3mversion[0m[2m=[0mHTTP/1.1[1m}[0m[2m:[0m [2msolesigner::services::vote[0m[2m:[0m VOTE_CAST: Vote submitted successfully [3melection_id[0m[2m=[0md43416db-8a11-4e57-bc00-5f160b887843 [3mnullifier[0m[2m=[0m64fcaee9f6454ed75fcebf2044777b44fb2d44b92082c9247dc19f91e0c562da [3mballot_hash[0m[2m=[0m5de5201ac42f3c268bbab55fa4a381264e41a14b4a8b0c1106d60e04e54a7cae
[2m2026-04-07T22:06:51.943687Z[0m [32m INFO[0m [1mrequest[0m[1m{[0m[3mrequest_id[0m[2m=[0mc11b238e-04db-42d1-a60a-3571ce89232b [3mmethod[0m[2m=[0mPOST [3muri[0m[2m=[0m/vote/submit [3mversion[0m[2m=[0mHTTP/1.1[1m}[0m[2m:[0m [2msolesigner::services::vote[0m[2m:[0m VOTE_CAST: Vote submitted successfully [3melection_id[0m[2m=[0md43416db-8a11-4e57-bc00-5f160b887843 [3mnullifier[0m[2m=[0mdd82ee7c6557e5db7a7bfa9d610251829a2180d0ac5b081024a4f3d00a01f605 [3mballot_hash[0m[2m=[0m4a203b6af164e944db20ee05721eef2b5f5a64e34b0bebc3b594ca67dfda541d
[2m2026-04-07T22:06:51.943793Z[0m [32m INFO[0m [1mrequest[0m[1m{[0m[3mrequest_id[0m[2m=[0m2741db0c-605e-41b5-8fad-9d257e3cd33f [3mmethod[0m[2m=[0mPOST [3muri[0m[2m=[0m/vote/submit [3mversion[0m[2m=[0mHTTP/1.1[1m}[0m[2m:[0m [2mtower_http::trace::on_response[0m[2m:[0m finished processing request [3mlatency[0m[2m=[0m439 ms [3mstatus[0m[2m=[0m200
[2m2026-04-07T22:06:51.944606Z[0m [32m INFO[0m [1mrequest[0m[1m{[0m[3mrequest_id[0m[2m=[0m1c3773a4-480a-4935-84be-eb747d7c869c [3mmethod[0m[2m=[0mPOST [3muri[0m[2m=[0m/vote/submit [3mversion[0m[2m=[0mHTTP/1.1[1m}[0m[2m:[0m [2mtower_http::trace::on_response[0m[2m:[0m finished processing request [3mlatency[0m[2m=[0m438 ms [3mstatus[0m[2m=[0m200
[2m2026-04-07T22:06:51.945626Z[0m [32m INFO[0m [1mrequest[0m[1m{[0m[3mrequest_id[0m[2m=[0m160f2196-3656-4418-8042-9ebb57e0ed6b [3mmethod[0m[2m=[0mPOST [3muri[0m[2m=[0m/vote/submit [3mversion[0m[2m=[0mHTTP/1.1[1m}[0m[2m:[0m [2msolesigner::services::vote[0m[2m:[0m VOTE_CAST: Vote submitted successfully [3melection_id[0m[2m=[0md43416db-8a11-4e57-bc00-5f160b887843 [3mnullifier[0m[2m=[0m02299bea6ba460a5b6fbca332e2dfb93ae952a2af6ca2efa6a1bfa88a65a352d [3mballot_hash[0m[2m=[0me42861441e5908d5728096f0d361c3d9b13c11497f775f15b970a238e501ee77
[2m2026-04-07T22:06:51.946671Z[0m [32m INFO[0m [1mrequest[0m[1m{[0m[3mrequest_id[0m[2m=[0mc11b238e-04db-42d1-a60a-3571ce89232b [3mmethod[0m[2m=[0mPOST [3muri[0m[2m=[0m/vote/submit [3mversion[0m[2m=[0mHTTP/1.1[1m}[0m[2m:[0m [2mtower_http::trace::on_response[0m[2m:[0m finished processing request [3mlatency[0m[2m=[0m440 ms [3mstatus[0m[2m=[0m200
[2m2026-04-07T22:06:51.947298Z[0m [32m INFO[0m [1mrequest[0m[1m{[0m[3mrequest_id[0m[2m=[0mcdccaac6-5bef-423f-8372-c96dc2e0e861 [3mmethod[0m[2m=[0mPOST [3muri[0m[2m=[0m/vote/submit [3mversion[0m[2m=[0mHTTP/1.1[1m}[0m[2m:[0m [2msolesigner::services::vote[0m[2m:[0m VOTE_CAST: Vote submitted successfully [3melection_id[0m[2m=[0md43416db-8a11-4e57-bc00-5f160b887843 [3mnullifier[0m[2m=[0ma8a5ff39981042806f866314bfddbd77ad3abd0be1c6a0abcecacee95ac18c2b [3mballot_hash[0m[2m=[0m493986b91dfc16d032b230b00b0a5c469285673477e410c02210efb63655aaec
[2m2026-04-07T22:06:51.948767Z[0m [32m INFO[0m [1mrequest[0m[1m{[0m[3mrequest_id[0m[2m=[0mb1a71866-cd69-49c3-adb4-d40b27e46748 [3mmethod[0m[2m=[0mPOST [3muri[0m[2m=[0m/vote/submit [3mversion[0m[2m=[0mHTTP/1.1[1m}[0m[2m:[0m [2msolesigner::services::vote[0m[2m:[0m VOTE_CAST: Vote submitted successfully [3melection_id[0m[2m=[0md43416db-8a11-4e57-bc00-5f160b887843 [3mnullifier[0m[2m=[0m0923904e96944efda60113c70842ba22a9d29654005cf2ca88046154707077aa [3mballot_hash[0m[2m=[0mb48486b304babf860b39111eda26dff4a402a7073520a581ecaf97414bc27ff9
[2m2026-04-07T22:06:51.949008Z[0m [32m INFO[0m [1mrequest[0m[1m{[0m[3mrequest_id[0m[2m=[0m160f2196-3656-4418-8042-9ebb57e0ed6b [3mmethod[0m[2m=[0mPOST [3muri[0m[2m=[0m/vote/submit [3mversion[0m[2m=[0mHTTP/1.1[1m}[0m[2m:[0m [2mtower_http::trace::on_response[0m[2m:[0m finished processing request [3mlatency[0m[2m=[0m441 ms [3mstatus[0m[2m=[0m200
[2m2026-04-07T22:06:51.949602Z[0m [32m INFO[0m [1mrequest[0m[1m{[0m[3mrequest_id[0m[2m=[0mc5ef713a-b3f5-47c8-bece-d0bc7892f659 [3mmethod[0m[2m=[0mPOST [3muri[0m[2m=[0m/vote/submit [3mversion[0m[2m=[0mHTTP/1.1[1m}[0m[2m:[0m [2msolesigner::services::vote[0m[2m:[0m VOTE_CAST: Vote submitted successfully [3melection_id[0m[2m=[0md43416db-8a11-4e57-bc00-5f160b887843 [3mnullifier[0m[2m=[0m096d97442da7adcc4dbddd06feaf60ceefec9753ea5a1c99b5d91207c2ebe3a4 [3mballot_hash[0m[2m=[0m342dc392762c2b97717ef404f4057d7ebebc3f10303115d74579d0f9b11febc4
[2m2026-04-07T22:06:51.950739Z[0m [32m INFO[0m [1mrequest[0m[1m{[0m[3mrequest_id[0m[2m=[0mcdccaac6-5bef-423f-8372-c96dc2e0e861 [3mmethod[0m[2m=[0mPOST [3muri[0m[2m=[0m/vote/submit [3mversion[0m[2m=[0mHTTP/1.1[1m}[0m[2m:[0m [2mtower_http::trace::on_response[0m[2m:[0m finished processing request [3mlatency[0m[2m=[0m445 ms [3mstatus[0m[2m=[0m200
[2m2026-04-07T22:06:51.951456Z[0m [32m INFO[0m [1mrequest[0m[1m{[0m[3mrequest_id[0m[2m=[0mb1a71866-cd69-49c3-adb4-d40b27e46748 [3mmethod[0m[2m=[0mPOST [3muri[0m[2m=[0m/vote/submit [3mversion[0m[2m=[0mHTTP/1.1[1m}[0m[2m:[0m [2mtower_http::trace::on_response[0m[2m:[0m finished processing request [3mlatency[0m[2m=[0m444 ms [3mstatus[0m[2m=[0m200
[2m2026-04-07T22:06:51.951672Z[0m [32m INFO[0m [1mrequest[0m[1m{[0m[3mrequest_id[0m[2m=[0mcf3dafba-4389-407a-b63b-fb2ae2e1686d [3mmethod[0m[2m=[0mPOST [3muri[0m[2m=[0m/vote/submit [3mversion[0m[2m=[0mHTTP/1.1[1m}[0m[2m:[0m [2msolesigner::services::vote[0m[2m:[0m VOTE_CAST: Vote submitted successfully [3melection_id[0m[2m=[0md43416db-8a11-4e57-bc00-5f160b887843 [3mnullifier[0m[2m=[0m190e1d628cc7e58e4c0b67fbfea62a81ea8690527a36a1b8c880c036ca32f48a [3mballot_hash[0m[2m=[0mfaa187ee10b683fb736650610ff95b3ee2851cfbadfa4e67347e93005a11005b
[2m2026-04-07T22:06:51.952282Z[0m [32m INFO[0m [1mrequest[0m[1m{[0m[3mrequest_id[0m[2m=[0ma525d9cc-a02e-4f10-90cb-7857d41b0331 [3mmethod[0m[2m=[0mPOST [3muri[0m[2m=[0m/vote/submit [3mversion[0m[2m=[0mHTTP/1.1[1m}[0m[2m:[0m [2msolesigner::services::vote[0m[2m:[0m VOTE_CAST: Vote submitted successfully [3melection_id[0m[2m=[0md43416db-8a11-4e57-bc00-5f160b887843 [3mnullifier[0m[2m=[0ma4114a7e476c8f73902705160f54e4ae57a6fe81773ca5cfafaf7f2251ef2d25 [3mballot_hash[0m[2m=[0m08ca285a5b5655d90ebca90b06ec5a3228228ee593c0daaf31a9fdb14ef256a9
[2m2026-04-07T22:06:51.953821Z[0m [32m INFO[0m [1mrequest[0m[1m{[0m[3mrequest_id[0m[2m=[0mb7c00a0a-b6c1-4a07-a5e1-934b500bbf96 [3mmethod[0m[2m=[0mPOST [3muri[0m[2m=[0m/vote/submit [3mversion[0m[2m=[0mHTTP/1.1[1m}[0m[2m:[0m [2msolesigner::services::vote[0m[2m:[0m VOTE_CAST: Vote submitted successfully [3melection_id[0m[2m=[0md43416db-8a11-4e57-bc00-5f160b887843 [3mnullifier[0m[2m=[0m0f7627db49d0274290d7de64e9786f92bcd50dafb5f79b9d860d439078b0c0b0 [3mballot_hash[0m[2m=[0mb5199ddebcaac72055e5a3d93eae7b8630fd88060ff950cb3658d099163c2570
[2m2026-04-07T22:06:51.954061Z[0m [32m INFO[0m [1mrequest[0m[1m{[0m[3mrequest_id[0m[2m=[0mcf3dafba-4389-407a-b63b-fb2ae2e1686d [3mmethod[0m[2m=[0mPOST [3muri[0m[2m=[0m/vote/submit [3mversion[0m[2m=[0mHTTP/1.1[1m}[0m[2m:[0m [2mtower_http::trace::on_response[0m[2m:[0m finished processing request [3mlatency[0m[2m=[0m445 ms [3mstatus[0m[2m=[0m200
[2m2026-04-07T22:06:51.955163Z[0m [32m INFO[0m [1mrequest[0m[1m{[0m[3mrequest_id[0m[2m=[0mc5ef713a-b3f5-47c8-bece-d0bc7892f659 [3mmethod[0m[2m=[0mPOST [3muri[0m[2m=[0m/vote/submit [3mversion[0m[2m=[0mHTTP/1.1[1m}[0m[2m:[0m [2mtower_http::trace::on_response[0m[2m:[0m finished processing request [3mlatency[0m[2m=[0m447 ms [3mstatus[0m[2m=[0m200
[2m2026-04-07T22:06:51.956237Z[0m [32m INFO[0m [1mrequest[0m[1m{[0m[3mrequest_id[0m[2m=[0mb7c00a0a-b6c1-4a07-a5e1-934b500bbf96 [3mmethod[0m[2m=[0mPOST [3muri[0m[2m=[0m/vote/submit [3mversion[0m[2m=[0mHTTP/1.1[1m}[0m[2m:[0m [2mtower_http::trace::on_response[0m[2m:[0m finished processing request [3mlatency[0m[2m=[0m448 ms [3mstatus[0m[2m=[0m200
[2m2026-04-07T22:06:51.956017Z[0m [32m INFO[0m [1mrequest[0m[1m{[0m[3mrequest_id[0m[2m=[0m07ebcd26-f163-47d7-b043-b05de8fb6481 [3mmethod[0m[2m=[0mPOST [3muri[0m[2m=[0m/vote/submit [3mversion[0m[2m=[0mHTTP/1.1[1m}[0m[2m:[0m [2msolesigner::services::vote[0m[2m:[0m VOTE_CAST: Vote submitted successfully [3melection_id[0m[2m=[0md43416db-8a11-4e57-bc00-5f160b887843 [3mnullifier[0m[2m=[0md960a8a04be468ee1395a309ffb55393a7f2e53c36a4a044b1b8c68d4bc0da26 [3mballot_hash[0m[2m=[0m6469a4cb3e10638de131ba33d78acd9a1f21e219e9a7ea65ba34c7cb3abda99a
[2m2026-04-07T22:06:51.957221Z[0m [32m INFO[0m [1mrequest[0m[1m{[0m[3mrequest_id[0m[2m=[0ma525d9cc-a02e-4f10-90cb-7857d41b0331 [3mmethod[0m[2m=[0mPOST [3muri[0m[2m=[0m/vote/submit [3mversion[0m[2m=[0mHTTP/1.1[1m}[0m[2m:[0m [2mtower_http::trace::on_response[0m[2m:[0m finished processing request [3mlatency[0m[2m=[0m448 ms [3mstatus[0m[2m=[0m200
[2m2026-04-07T22:06:51.958905Z[0m [32m INFO[0m [1mrequest[0m[1m{[0m[3mrequest_id[0m[2m=[0m07ebcd26-f163-47d7-b043-b05de8fb6481 [3mmethod[0m[2m=[0mPOST [3muri[0m[2m=[0m/vote/submit [3mversion[0m[2m=[0mHTTP/1.1[1m}[0m[2m:[0m [2mtower_http::trace::on_response[0m[2m:[0m finished processing request [3mlatency[0m[2m=[0m448 ms [3mstatus[0m[2m=[0m200
[2m2026-04-07T22:06:51.959700Z[0m [32m INFO[0m [1mrequest[0m[1m{[0m[3mrequest_id[0m[2m=[0m823e0a1b-7647-455e-b091-e3e740f01304 [3mmethod[0m[2m=[0mPOST [3muri[0m[2m=[0m/vote/submit [3mversion[0m[2m=[0mHTTP/1.1[1m}[0m[2m:[0m [2msolesigner::services::vote[0m[2m:[0m VOTE_CAST: Vote submitted successfully [3melection_id[0m[2m=[0md43416db-8a11-4e57-bc00-5f160b887843 [3mnullifier[0m[2m=[0m5691d992bf627061e1e964b5499a4088c2a80d2c31b986ea4133808518cade09 [3mballot_hash[0m[2m=[0md5ff977cda4ab08aedbf6cc6f102345d3a782a613d77ce9ed26486037c64e66b
[2m2026-04-07T22:06:51.960580Z[0m [32m INFO[0m [1mrequest[0m[1m{[0m[3mrequest_id[0m[2m=[0m9b32f6b3-6ee1-46c7-87fa-b7bf90a145e0 [3mmethod[0m[2m=[0mPOST [3muri[0m[2m=[0m/vote/submit [3mversion[0m[2m=[0mHTTP/1.1[1m}[0m[2m:[0m [2msolesigner::services::vote[0m[2m:[0m VOTE_CAST: Vote submitted successfully [3melection_id[0m[2m=[0md43416db-8a11-4e57-bc00-5f160b887843 [3mnullifier[0m[2m=[0m8244a80828a62c421b6be9eced98f8af1ee75ee19e7fca1365a02c0c8b3cc671 [3mballot_hash[0m[2m=[0m5e782ad31fc36e7b9ea24564d8a153695f465e0042d84924e5711c1d67ed34f7
[2m2026-04-07T22:06:51.961891Z[0m [32m INFO[0m [1mrequest[0m[1m{[0m[3mrequest_id[0m[2m=[0mbd388398-ab02-4601-9d07-412e1af466c5 [3mmethod[0m[2m=[0mPOST [3muri[0m[2m=[0m/vote/submit [3mversion[0m[2m=[0mHTTP/1.1[1m}[0m[2m:[0m [2msolesigner::services::vote[0m[2m:[0m VOTE_CAST: Vote submitted successfully [3melection_id[0m[2m=[0md43416db-8a11-4e57-bc00-5f160b887843 [3mnullifier[0m[2m=[0mb85ab2680174e4f4e3f24cf79aa46273d6c0dc39b28d5af450199e27c0fe76ad [3mballot_hash[0m[2m=[0me0a2d76be2dc234b57f0f0ac2fb76bf8a048350b0c77057a3e8391166c97c93d
[2m2026-04-07T22:06:51.962154Z[0m [32m INFO[0m [1mrequest[0m[1m{[0m[3mrequest_id[0m[2m=[0m823e0a1b-7647-455e-b091-e3e740f01304 [3mmethod[0m[2m=[0mPOST [3muri[0m[2m=[0m/vote/submit [3mversion[0m[2m=[0mHTTP/1.1[1m}[0m[2m:[0m [2mtower_http::trace::on_response[0m[2m:[0m finished processing request [3mlatency[0m[2m=[0m451 ms [3mstatus[0m[2m=[0m200
[2m2026-04-07T22:06:51.962747Z[0m [32m INFO[0m [1mrequest[0m[1m{[0m[3mrequest_id[0m[2m=[0m906ecf74-8186-474c-a4bb-de6cdcb4a2a8 [3mmethod[0m[2m=[0mPOST [3muri[0m[2m=[0m/vote/submit [3mversion[0m[2m=[0mHTTP/1.1[1m}[0m[2m:[0m [2msolesigner::services::vote[0m[2m:[0m VOTE_CAST: Vote submitted successfully [3melection_id[0m[2m=[0md43416db-8a11-4e57-bc00-5f160b887843 [3mnullifier[0m[2m=[0m026ee6b22cf86477c3e09b9d56b96376b3c268215d7386ddf19401998e577afb [3mballot_hash[0m[2m=[0m9554d22c990f4a5e7c433a9f10a97d89f0f76fb59e14f7821c1a9d553989d0e2
[2m2026-04-07T22:06:51.963504Z[0m [32m INFO[0m [1mrequest[0m[1m{[0m[3mrequest_id[0m[2m=[0m9b32f6b3-6ee1-46c7-87fa-b7bf90a145e0 [3mmethod[0m[2m=[0mPOST [3muri[0m[2m=[0m/vote/submit [3mversion[0m[2m=[0mHTTP/1.1[1m}[0m[2m:[0m [2mtower_http::trace::on_response[0m[2m:[0m finished processing request [3mlatency[0m[2m=[0m452 ms [3mstatus[0m[2m=[0m200
[2m2026-04-07T22:06:51.965103Z[0m [32m INFO[0m [1mrequest[0m[1m{[0m[3mrequest_id[0m[2m=[0m906ecf74-8186-474c-a4bb-de6cdcb4a2a8 [3mmethod[0m[2m=[0mPOST [3muri[0m[2m=[0m/vote/submit [3mversion[0m[2m=[0mHTTP/1.1[1m}[0m[2m:[0m [2mtower_http::trace::on_response[0m[2m:[0m finished processing request [3mlatency[0m[2m=[0m453 ms [3mstatus[0m[2m=[0m200
[2m2026-04-07T22:06:51.965850Z[0m [32m INFO[0m [1mrequest[0m[1m{[0m[3mrequest_id[0m[2m=[0m6259ceb2-08ff-48b2-9485-3f8261fb5740 [3mmethod[0m[2m=[0mPOST [3muri[0m[2m=[0m/vote/submit [3mversion[0m[2m=[0mHTTP/1.1[1m}[0m[2m:[0m [2msolesigner::services::vote[0m[2m:[0m VOTE_CAST: Vote submitted successfully [3melection_id[0m[2m=[0md43416db-8a11-4e57-bc00-5f160b887843 [3mnullifier[0m[2m=[0m233067004d65ad95ff31f0d451f1dce4c27103eeed2e9a82af207b27622fa370 [3mballot_hash[0m[2m=[0md4725a4e0c056ff74be87ccba0328c5190a7872df6babec0d41513c172bac28d
[2m2026-04-07T22:06:51.965980Z[0m [32m INFO[0m [1mrequest[0m[1m{[0m[3mrequest_id[0m[2m=[0m31c7c632-1277-4ce1-8b33-db30080e8d3d [3mmethod[0m[2m=[0mPOST [3muri[0m[2m=[0m/vote/submit [3mversion[0m[2m=[0mHTTP/1.1[1m}[0m[2m:[0m [2msolesigner::services::vote[0m[2m:[0m VOTE_CAST: Vote submitted successfully [3melection_id[0m[2m=[0md43416db-8a11-4e57-bc00-5f160b887843 [3mnullifier[0m[2m=[0m9e6360d9a4ca3e82d12b9491af39617d15e309374b2d3a2bfc87baff08878ac5 [3mballot_hash[0m[2m=[0m3796179348ff9d6a23b31614e95ccf352dc57d2e01dcc3ccc0d3f631c2802334
[2m2026-04-07T22:06:51.965103Z[0m [32m INFO[0m [1mrequest[0m[1m{[0m[3mrequest_id[0m[2m=[0mbd388398-ab02-4601-9d07-412e1af466c5 [3mmethod[0m[2m=[0mPOST [3muri[0m[2m=[0m/vote/submit [3mversion[0m[2m=[0mHTTP/1.1[1m}[0m[2m:[0m [2mtower_http::trace::on_response[0m[2m:[0m finished processing request [3mlatency[0m[2m=[0m455 ms [3mstatus[0m[2m=[0m200
[2m2026-04-07T22:06:51.967802Z[0m [32m INFO[0m [1mrequest[0m[1m{[0m[3mrequest_id[0m[2m=[0m80cd2748-1c55-4aaa-aa78-7ec4bbe712cc [3mmethod[0m[2m=[0mPOST [3muri[0m[2m=[0m/vote/submit [3mversion[0m[2m=[0mHTTP/1.1[1m}[0m[2m:[0m [2msolesigner::services::vote[0m[2m:[0m VOTE_CAST: Vote submitted successfully [3melection_id[0m[2m=[0md43416db-8a11-4e57-bc00-5f160b887843 [3mnullifier[0m[2m=[0m27bb5df0cd94be5572ef311be193fa8e3baf545528e63234b9cd70893ca3c740 [3mballot_hash[0m[2m=[0m4ec6a756799bf7bbb61b193520b2b871a32f602861d0bb623e7d89aafb9be3f9
[2m2026-04-07T22:06:51.969816Z[0m [32m INFO[0m [1mrequest[0m[1m{[0m[3mrequest_id[0m[2m=[0m6259ceb2-08ff-48b2-9485-3f8261fb5740 [3mmethod[0m[2m=[0mPOST [3muri[0m[2m=[0m/vote/submit [3mversion[0m[2m=[0mHTTP/1.1[1m}[0m[2m:[0m [2mtower_http::trace::on_response[0m[2m:[0m finished processing request [3mlatency[0m[2m=[0m458 ms [3mstatus[0m[2m=[0m200
[2m2026-04-07T22:06:51.970702Z[0m [32m INFO[0m [1mrequest[0m[1m{[0m[3mrequest_id[0m[2m=[0m80cd2748-1c55-4aaa-aa78-7ec4bbe712cc [3mmethod[0m[2m=[0mPOST [3muri[0m[2m=[0m/vote/submit [3mversion[0m[2m=[0mHTTP/1.1[1m}[0m[2m:[0m [2mtower_http::trace::on_response[0m[2m:[0m finished processing request [3mlatency[0m[2m=[0m456 ms [3mstatus[0m[2m=[0m200
[2m2026-04-07T22:06:51.970759Z[0m [32m INFO[0m [1mrequest[0m[1m{[0m[3mrequest_id[0m[2m=[0m31c7c632-1277-4ce1-8b33-db30080e8d3d [3mmethod[0m[2m=[0mPOST [3muri[0m[2m=[0m/vote/submit [3mversion[0m[2m=[0mHTTP/1.1[1m}[0m[2m:[0m [2mtower_http::trace::on_response[0m[2m:[0m finished processing request [3mlatency[0m[2m=[0m456 ms [3mstatus[0m[2m=[0m200
[2m2026-04-07T22:06:51.970916Z[0m [32m INFO[0m [1mrequest[0m[1m{[0m[3mrequest_id[0m[2m=[0m594ceb95-c6e7-4b1d-b51b-262a2592af17 [3mmethod[0m[2m=[0mPOST [3muri[0m[2m=[0m/vote/submit [3mversion[0m[2m=[0mHTTP/1.1[1m}[0m[2m:[0m [2msolesigner::services::vote[0m[2m:[0m VOTE_CAST: Vote submitted successfully [3melection_id[0m[2m=[0md43416db-8a11-4e57-bc00-5f160b887843 [3mnullifier[0m[2m=[0m928ed6adbdcacdeaf0452865f470033fd0173aa8829562d679120bc2594e5076 [3mballot_hash[0m[2m=[0m83372ef7ea043c906a81dac2718fe54c23b8c295d9126c1ef4f998a60bc3227c
[2m2026-04-07T22:06:51.970916Z[0m [32m INFO[0m [1mrequest[0m[1m{[0m[3mrequest_id[0m[2m=[0m80035f08-6ba3-42e7-b6c5-627ff34c159e [3mmethod[0m[2m=[0mPOST [3muri[0m[2m=[0m/vote/submit [3mversion[0m[2m=[0mHTTP/1.1[1m}[0m[2m:[0m [2msolesigner::services::vote[0m[2m:[0m VOTE_CAST: Vote submitted successfully [3melection_id[0m[2m=[0md43416db-8a11-4e57-bc00-5f160b887843 [3mnullifier[0m[2m=[0m040607521347378a734f978f4c0bbf07a6241b0a5f04d4a0ed06b013ecf470e6 [3mballot_hash[0m[2m=[0m5fd0de816c8ff54050284d20c113b00d3770dc40ba67619b1c1c33c399915ab8
[2m2026-04-07T22:06:51.972113Z[0m [32m INFO[0m [1mrequest[0m[1m{[0m[3mrequest_id[0m[2m=[0m009e0c2d-9d16-4b46-8f4b-49fa87f1d78f [3mmethod[0m[2m=[0mPOST [3muri[0m[2m=[0m/vote/submit [3mversion[0m[2m=[0mHTTP/1.1[1m}[0m[2m:[0m [2msolesigner::services::vote[0m[2m:[0m VOTE_CAST: Vote submitted successfully [3melection_id[0m[2m=[0md43416db-8a11-4e57-bc00-5f160b887843 [3mnullifier[0m[2m=[0m78bd87d89679c5b129bfc9dacdbb40918138c3b7d6fe8e5263c2276f90e8053f [3mballot_hash[0m[2m=[0m3da4977ccaa93e4ed203bcd572d9b5b99f1c62135aab923324c80fa5a7bdf9e0
[2m2026-04-07T22:06:51.974826Z[0m [32m INFO[0m [1mrequest[0m[1m{[0m[3mrequest_id[0m[2m=[0m80035f08-6ba3-42e7-b6c5-627ff34c159e [3mmethod[0m[2m=[0mPOST [3muri[0m[2m=[0m/vote/submit [3mversion[0m[2m=[0mHTTP/1.1[1m}[0m[2m:[0m [2mtower_http::trace::on_response[0m[2m:[0m finished processing request [3mlatency[0m[2m=[0m457 ms [3mstatus[0m[2m=[0m200
[2m2026-04-07T22:06:51.974826Z[0m [32m INFO[0m [1mrequest[0m[1m{[0m[3mrequest_id[0m[2m=[0mce388670-ed9f-479c-bf6c-edfd1fba0998 [3mmethod[0m[2m=[0mPOST [3muri[0m[2m=[0m/vote/submit [3mversion[0m[2m=[0mHTTP/1.1[1m}[0m[2m:[0m [2msolesigner::services::vote[0m[2m:[0m VOTE_CAST: Vote submitted successfully [3melection_id[0m[2m=[0md43416db-8a11-4e57-bc00-5f160b887843 [3mnullifier[0m[2m=[0m21600f4cfd8858241ba14bbf0ef5ea60b0c14ec89376470978a553598679607e [3mballot_hash[0m[2m=[0m62632d082b201380d62daf8d245db983b1412bc594bcd491112205d6a7e10451
[2m2026-04-07T22:06:51.975515Z[0m [32m INFO[0m [1mrequest[0m[1m{[0m[3mrequest_id[0m[2m=[0m009e0c2d-9d16-4b46-8f4b-49fa87f1d78f [3mmethod[0m[2m=[0mPOST [3muri[0m[2m=[0m/vote/submit [3mversion[0m[2m=[0mHTTP/1.1[1m}[0m[2m:[0m [2mtower_http::trace::on_response[0m[2m:[0m finished processing request [3mlatency[0m[2m=[0m458 ms [3mstatus[0m[2m=[0m200
[2m2026-04-07T22:06:51.975938Z[0m [32m INFO[0m [1mrequest[0m[1m{[0m[3mrequest_id[0m[2m=[0m594ceb95-c6e7-4b1d-b51b-262a2592af17 [3mmethod[0m[2m=[0mPOST [3muri[0m[2m=[0m/vote/submit [3mversion[0m[2m=[0mHTTP/1.1[1m}[0m[2m:[0m [2mtower_http::trace::on_response[0m[2m:[0m finished processing request [3mlatency[0m[2m=[0m457 ms [3mstatus[0m[2m=[0m200
[2m2026-04-07T22:06:51.976507Z[0m [32m INFO[0m [1mrequest[0m[1m{[0m[3mrequest_id[0m[2m=[0m1b442a3e-a36b-4d0b-9b05-19f6579fd46d [3mmethod[0m[2m=[0mPOST [3muri[0m[2m=[0m/vote/submit [3mversion[0m[2m=[0mHTTP/1.1[1m}[0m[2m:[0m [2msolesigner::services::vote[0m[2m:[0m VOTE_CAST: Vote submitted successfully [3melection_id[0m[2m=[0md43416db-8a11-4e57-bc00-5f160b887843 [3mnullifier[0m[2m=[0mbaef1b10d22142cae039ab3fde34d8afaecdf72bc64800f7fbef1547265992b8 [3mballot_hash[0m[2m=[0m0640215bc2832d81e657339e06b59ef6069bd478796f823a92509f571ee46577
[2m2026-04-07T22:06:51.977553Z[0m [32m INFO[0m [1mrequest[0m[1m{[0m[3mrequest_id[0m[2m=[0m00466b95-9076-4311-a08a-add949e0fddb [3mmethod[0m[2m=[0mPOST [3muri[0m[2m=[0m/vote/submit [3mversion[0m[2m=[0mHTTP/1.1[1m}[0m[2m:[0m [2msolesigner::services::vote[0m[2m:[0m VOTE_CAST: Vote submitted successfully [3melection_id[0m[2m=[0md43416db-8a11-4e57-bc00-5f160b887843 [3mnullifier[0m[2m=[0m23297b21b3e7f2979517440648c61d29d2759fb2c67435d5f0271c9dcb5337d9 [3mballot_hash[0m[2m=[0m4524835c35bab2fa112fadb233f657ac6c4c1f572587be87e017a19d3d8dcecc
[2m2026-04-07T22:06:51.977685Z[0m [32m INFO[0m [1mrequest[0m[1m{[0m[3mrequest_id[0m[2m=[0m7555659a-6209-4aa1-9e21-1963698c645f [3mmethod[0m[2m=[0mPOST [3muri[0m[2m=[0m/vote/submit [3mversion[0m[2m=[0mHTTP/1.1[1m}[0m[2m:[0m [2msolesigner::services::vote[0m[2m:[0m VOTE_CAST: Vote submitted successfully [3melection_id[0m[2m=[0md43416db-8a11-4e57-bc00-5f160b887843 [3mnullifier[0m[2m=[0m10153e1f01c9e2be3a0529833c8a1fc1a66afebb73efca43a33a9a0f15784e09 [3mballot_hash[0m[2m=[0me8c5280e3a1282cb03d18469376729d6b63c462f85be72f3c67fa4cb332cff96
[2m2026-04-07T22:06:51.978002Z[0m [32m INFO[0m [1mrequest[0m[1m{[0m[3mrequest_id[0m[2m=[0mce388670-ed9f-479c-bf6c-edfd1fba0998 [3mmethod[0m[2m=[0mPOST [3muri[0m[2m=[0m/vote/submit [3mversion[0m[2m=[0mHTTP/1.1[1m}[0m[2m:[0m [2mtower_http::trace::on_response[0m[2m:[0m finished processing request [3mlatency[0m[2m=[0m459 ms [3mstatus[0m[2m=[0m200
[2m2026-04-07T22:06:51.978938Z[0m [32m INFO[0m [1mrequest[0m[1m{[0m[3mrequest_id[0m[2m=[0m1b442a3e-a36b-4d0b-9b05-19f6579fd46d [3mmethod[0m[2m=[0mPOST [3muri[0m[2m=[0m/vote/submit [3mversion[0m[2m=[0mHTTP/1.1[1m}[0m[2m:[0m [2mtower_http::trace::on_response[0m[2m:[0m finished processing request [3mlatency[0m[2m=[0m519 ms [3mstatus[0m[2m=[0m200
[2m2026-04-07T22:06:51.979992Z[0m [32m INFO[0m [1mrequest[0m[1m{[0m[3mrequest_id[0m[2m=[0m00466b95-9076-4311-a08a-add949e0fddb [3mmethod[0m[2m=[0mPOST [3muri[0m[2m=[0m/vote/submit [3mversion[0m[2m=[0mHTTP/1.1[1m}[0m[2m:[0m [2mtower_http::trace::on_response[0m[2m:[0m finished processing request [3mlatency[0m[2m=[0m461 ms [3mstatus[0m[2m=[0m200
[2m2026-04-07T22:06:51.980686Z[0m [32m INFO[0m [1mrequest[0m[1m{[0m[3mrequest_id[0m[2m=[0m7555659a-6209-4aa1-9e21-1963698c645f [3mmethod[0m[2m=[0mPOST [3muri[0m[2m=[0m/vote/submit [3mversion[0m[2m=[0mHTTP/1.1[1m}[0m[2m:[0m [2mtower_http::trace::on_response[0m[2m:[0m finished processing request [3mlatency[0m[2m=[0m520 ms [3mstatus[0m[2m=[0m200
[2m2026-04-07T22:06:51.984541Z[0m [32m INFO[0m [1mrequest[0m[1m{[0m[3mrequest_id[0m[2m=[0medd9d623-89f0-4dcf-99ba-a2eb15d73cab [3mmethod[0m[2m=[0mGET [3muri[0m[2m=[0m/elections/d43416db-8a11-4e57-bc00-5f160b887843/stats [3mversion[0m[2m=[0mHTTP/1.1[1m}[0m[2m:[0m [2mtower_http::trace::on_request[0m[2m:[0m started processing request
[2m2026-04-07T22:06:51.993771Z[0m [32m INFO[0m [1mrequest[0m[1m{[0m[3mrequest_id[0m[2m=[0medd9d623-89f0-4dcf-99ba-a2eb15d73cab [3mmethod[0m[2m=[0mGET [3muri[0m[2m=[0m/elections/d43416db-8a11-4e57-bc00-5f160b887843/stats [3mversion[0m[2m=[0mHTTP/1.1[1m}[0m[2m:[0m [2mtower_http::trace::on_response[0m[2m:[0m finished processing request [3mlatency[0m[2m=[0m9 ms [3mstatus[0m[2m=[0m200
